LID,TID,track.duration,track.length,meandering.index,euclidean.distance,mean.speed,track.present.at.start.or.end,track.never.divides,cell.line,clone,replicate,Unnamed: 0,lineage.id,tracking.id,n_frames,start_frame,total_path_length,final_displacement,volume,radius,sphericity,length.to.width.ratio,dry.mass,match_score
1,1,230,80.85,0.084018558,6.792900411,0.005384836,TRUE,FALSE,A1,cloneA,1,986,1919,1919,7,235,81.99975586,5.186858177,2483.193604,19.25241906,0.366014753,2.830036582,620.7978167,0.250450982
1,2,1587,633.822,0.202549464,128.3803066,0.004205486,FALSE,FALSE,A1,cloneA,1,37,63,63,84,5,597.2336426,128.7879639,2086.670525,23.04958151,0.232402892,1.683375689,521.6671477,0.060891887
1,3,1702,711.651,0.479299118,341.0936965,0.008773003,FALSE,FALSE,A1,cloneA,1,684,1392,1392,55,174,686.3935547,326.684967,1642.020588,18.52406068,0.305920814,2.562901002,410.5047635,0.077734068
1,4,2484,963.285,0.133813677,128.9007075,0.004205486,TRUE,FALSE,A1,cloneA,1,37,63,63,84,5,597.2336426,128.7879639,2086.670525,23.04958151,0.232402892,1.683375689,521.6671477,0.380877829
1,5,2484,870.399,0.106266073,92.49388374,0.007037096,TRUE,FALSE,A1,cloneA,1,711,1440,1440,57,179,577.1078491,85.32175446,1912.280588,20.96717222,0.266303557,2.859215269,478.0697096,0.414503388
1,7,1725,772.966,0.249194721,192.6190468,0.003817043,FALSE,FALSE,A1,cloneA,1,494,1073,1073,114,140,599.088623,186.2175446,1603.604488,19.88852996,0.259171268,5.167141604,400.9007551,0.258182291
1,8,2484,556.709,0.216371396,120.4559034,0.003925151,TRUE,FALSE,A1,cloneA,1,605,1260,1260,87,161,515.7254639,124.0342255,1851.299956,21.51800513,0.245956327,2.680382604,462.8245667,0.102466994
1,9,2484,1113.36,0.573760134,638.8015825,0.006151805,TRUE,FALSE,A1,cloneA,1,585,1230,1230,80,158,699.3121948,428.8816528,1683.287268,20.06491508,0.261802309,3.456091458,420.8214279,0.70050555
1,10,1334,501.488,0.421828061,211.5417107,0.004585965,FALSE,FALSE,A1,cloneA,1,718,1454,1454,79,181,509.0367737,226.2994843,2133.02108,23.24494268,0.231001558,2.875334198,533.2547781,0.08004299
1,11,4485,1305.945,0.238928412,312.0273645,0.008773003,TRUE,FALSE,A1,cloneA,1,684,1392,1392,55,174,686.3935547,326.684967,1642.020588,18.52406068,0.305920814,2.562901002,410.5047635,0.519276226
1,12,4439,1445.861,0.188391157,272.3874267,0.005086045,FALSE,FALSE,A1,cloneA,1,612,1271,1271,76,162,608.9274292,266.0681152,2123.083307,22.29437115,0.248750099,3.608059948,530.7703384,0.602047595
2,1,805,352.392,0.636820224,224.4103524,0.002860172,TRUE,FALSE,A1,cloneA,1,295,678,678,80,93,363.4847107,221.9875793,2467.430368,24.69496696,0.224193691,3.938599006,616.8570282,0.041313855
2,2,2070,890.779,0.510613608,454.8438791,0.006151805,FALSE,FALSE,A1,cloneA,1,585,1230,1230,80,158,699.3121948,428.8816528,1683.287268,20.06491508,0.261802309,3.456091458,420.8214279,0.272022529
2,3,1702,983.519,0.293068641,288.2385765,0.003427919,FALSE,FALSE,A1,cloneA,1,401,895,895,137,121,668.2682495,300.6270142,2052.475653,22.04787112,0.251225576,5.724307724,513.1184385,0.361742127
2,4,3473,1200.913,0.161750462,194.248233,0.003817043,TRUE,FALSE,A1,cloneA,1,494,1073,1073,114,140,599.088623,186.2175446,1603.604488,19.88852996,0.259171268,5.167141604,400.9007551,0.542481432
2,5,3473,1354.685,0.3244475,439.5241619,0.006151805,TRUE,FALSE,A1,cloneA,1,585,1230,1230,80,158,699.3121948,428.8816528,1683.287268,20.06491508,0.261802309,3.456091458,420.8214279,0.507996139
2,6,2024,836.591,0.299423365,250.494892,0.006079869,FALSE,FALSE,A1,cloneA,1,570,1202,1202,59,155,573.6516724,252.2979889,1695.85328,20.30479819,0.259842756,3.530050972,423.9629217,0.321445233
2,7,1794,812.233,0.477986034,388.2360303,0.005979293,FALSE,FALSE,A1,cloneA,1,224,525,525,77,74,680.6998901,365.577301,1856.471959,20.37351857,0.272524272,2.787730251,464.1175612,0.220303403
2,8,1288,576.585,0.893122821,514.9612215,0.005379107,FALSE,FALSE,A1,cloneA,1,545,1161,1161,31,151,549.7615967,427.7492981,3396.245668,29.5203439,0.195149655,4.119998204,849.0606335,0.215877453
2,9,1311,564.997,0.597922745,337.8245571,0.004815091,TRUE,FALSE,A1,cloneA,1,477,1043,1043,82,137,567.2178955,279.0410461,1661.195844,18.87538411,0.297785659,3.782515857,415.2985721,0.177921451
2,11,1081,359.29,0.127413414,45.77836559,0.006291047,TRUE,FALSE,A1,cloneA,1,4,8,8,43,3,383.4668884,36.1697197,1388.324619,17.48640455,0.305428908,2.954266641,347.0808347,0.272943087
2,12,1081,424.374,0.563256921,239.0315924,0.004749191,TRUE,FALSE,A1,cloneA,1,781,1569,1569,63,194,444.5269165,251.9078674,2166.276838,22.27383738,0.256275366,2.892256635,541.5687072,0.096450667
3,1,920,472.282,0.717434667,338.8314794,0.007540902,TRUE,FALSE,A1,cloneA,1,379,845,845,43,117,437.1079407,338.8217163,1753.323015,18.91217624,0.304491368,3.403271875,438.3303457,0.074505629
3,2,2576,1207.186,0.600524236,724.9444504,0.006151805,FALSE,FALSE,A1,cloneA,1,585,1230,1230,80,158,699.3121948,428.8816528,1683.287268,20.06491508,0.261802309,3.456091458,420.8214279,0.829102597
3,3,2093,1140.36,0.022381473,25.52293684,0.005373196,FALSE,FALSE,A1,cloneA,1,510,1101,1101,85,144,662.414978,24.64881134,1742.320699,19.83895245,0.275380915,3.203181174,435.5797701,0.453366292
3,4,2576,1207.565,0.296689203,358.2714976,0.005979293,FALSE,FALSE,A1,cloneA,1,224,525,525,77,74,680.6998901,365.577301,1856.471959,20.37351857,0.272524272,2.787730251,464.1175612,0.456288019
3,5,2990,1157.447,0.139974093,162.0125946,0.006697005,FALSE,FALSE,A1,cloneA,1,17,24,24,60,1,571.6314697,179.2698669,1697.420392,19.39068219,0.28533056,3.570293387,424.3547094,0.602391516
3,6,1012,509.618,0.661162123,336.9401189,0.003118044,FALSE,FALSE,A1,cloneA,1,535,1144,1144,101,149,493.4305115,374.3514709,2601.382108,25.85886715,0.212765026,2.613328724,650.3449224,0.131700402
3,7,1840,946.558,0.165753396,156.8952034,0.006697005,FALSE,FALSE,A1,cloneA,1,17,24,24,60,1,571.6314697,179.2698669,1697.420392,19.39068219,0.28533056,3.570293387,424.3547094,0.520904571
3,8,621,350.432,0.879206974,308.1022584,0.003486665,TRUE,FALSE,A1,cloneA,1,764,1538,1538,74,191,353.3253479,307.7530518,1825.502291,21.13523414,0.252243573,4.395129736,456.3751497,0.009322317
3,9,598,270.977,0.664471106,180.0563868,0.003316636,FALSE,FALSE,A1,cloneA,1,740,1495,1495,57,186,273.6463013,171.3504028,1485.395343,18.73683357,0.277261257,2.931067055,371.3484925,0.058105998
4,1,713,413.709,0.48578187,200.9723318,0.002243075,TRUE,FALSE,A1,cloneA,1,420,932,932,134,126,426.7359314,194.2303619,1624.385166,19.33901299,0.275690037,5.034342808,406.0959147,0.064073671
4,2,1311,513.025,0.564192115,289.4446599,0.00228411,FALSE,FALSE,A1,cloneA,1,189,442,442,86,64,456.6655579,292.6361694,3092.813738,28.64162234,0.194842137,2.543023058,773.2027134,0.120763173
4,3,1219,316.408,0.496680108,157.1535597,0.005347513,FALSE,FALSE,A1,cloneA,1,897,1760,1760,39,214,303.2902527,156.5107727,1340.444937,18.11486591,0.277548897,4.398966521,335.1109181,0.045548514
4,4,1656,871.95,0.658243339,573.9552793,0.006151805,FALSE,FALSE,A1,cloneA,1,585,1230,1230,80,158,699.3121948,428.8816528,1683.287268,20.06491508,0.261802309,3.456091458,420.8214279,0.450751689
4,5,1495,702.706,0.817628397,574.5523803,0.006151805,FALSE,FALSE,A1,cloneA,1,585,1230,1230,80,158,699.3121948,428.8816528,1683.287268,20.06491508,0.261802309,3.456091458,420.8214279,0.25836739
4,6,1587,834.639,0.308581491,257.5541468,0.005086045,FALSE,FALSE,A1,cloneA,1,612,1271,1271,76,162,608.9274292,266.0681152,2123.083307,22.29437115,0.248750099,3.608059948,530.7703384,0.302429381
4,7,1725,855.568,0.509369844,435.8005387,0.006151805,FALSE,FALSE,A1,cloneA,1,585,1230,1230,80,158,699.3121948,428.8816528,1683.287268,20.06491508,0.261802309,3.456091458,420.8214279,0.198510266
4,8,2415,503.517,0.505795067,254.6764146,0.005076007,FALSE,FALSE,A1,cloneA,1,340,766,766,59,105,487.6856995,251.5574188,2101.024306,22.95401806,0.234459243,2.646283851,525.2555961,0.043688339
4,9,2438,1176.674,0.320351,376.9486928,0.005979293,TRUE,FALSE,A1,cloneA,1,224,525,525,77,74,680.6998901,365.577301,1856.471959,20.37351857,0.272524272,2.787730251,464.1175612,0.451672064
4,10,1886,774.832,0.530973059,411.4149171,0.006151805,FALSE,FALSE,A1,cloneA,1,585,1230,1230,80,158,699.3121948,428.8816528,1683.287268,20.06491508,0.261802309,3.456091458,420.8214279,0.138192275
4,11,2162,992.601,0.434706335,431.4899424,0.006151805,FALSE,FALSE,A1,cloneA,1,585,1230,1230,80,158,699.3121948,428.8816528,1683.287268,20.06491508,0.261802309,3.456091458,420.8214279,0.301519869
4,12,391,186.532,0.603688278,112.6071819,0.004418227,TRUE,FALSE,A1,cloneA,1,402,899,899,25,122,189.655014,116.9246826,2772.867754,26.00782059,0.220373017,2.488705293,693.2162891,0.053392301
4,13,391,178.361,0.146025477,26.04525003,0.004300898,TRUE,FALSE,A1,cloneA,1,964,1879,1879,30,231,201.8777771,24.51780319,1859.562138,20.8571605,0.261043692,4.953386536,464.8901082,0.175136061
4,14,2254,965.399,0.501264668,483.9204088,0.006151805,TRUE,FALSE,A1,cloneA,1,585,1230,1230,80,158,699.3121948,428.8816528,1683.287268,20.06491508,0.261802309,3.456091458,420.8214279,0.3893588
4,15,1403,778.39,0.545418273,424.5481295,0.006151805,FALSE,FALSE,A1,cloneA,1,585,1230,1230,80,158,699.3121948,428.8816528,1683.287268,20.06491508,0.261802309,3.456091458,420.8214279,0.111695737
4,16,667,352.838,0.237955382,83.95970102,0.00377484,TRUE,FALSE,A1,cloneA,1,775,1559,1559,64,193,360.1300964,75.37095642,2221.852915,23.5882768,0.230542279,3.832666435,555.4627128,0.122544542
4,17,667,272.739,0.685905421,187.0731586,0.00574624,TRUE,FALSE,A1,cloneA,1,601,1255,1255,30,161,271.0300903,201.6960449,1531.375854,19.78094355,0.254141169,3.997719608,382.8436086,0.078765351
4,18,2024,970.779,0.569666573,553.0203459,0.006151805,FALSE,FALSE,A1,cloneA,1,585,1230,1230,80,158,699.3121948,428.8816528,1683.287268,20.06491508,0.261802309,3.456091458,420.8214279,0.504112118
4,19,1541,835.371,0.445430242,372.0995064,0.005979293,FALSE,FALSE,A1,cloneA,1,224,525,525,77,74,680.6998901,365.577301,1856.471959,20.37351857,0.272524272,2.787730251,464.1175612,0.202680718
4,20,782,437.449,0.246301579,107.7443796,0.004578551,TRUE,FALSE,A1,cloneA,1,700,1423,1423,67,177,439.9593201,120.805542,2229.830761,22.10524461,0.264525088,2.795687598,557.457177,0.113823046
4,21,782,389.749,0.050891789,19.8350238,0.005462559,TRUE,FALSE,A1,cloneA,1,26,44,44,34,3,342.7573853,19.84973335,1870.292577,20.97678863,0.262315872,2.61158681,467.5727081,0.121309962
4,22,253,111.955,0.902557154,101.0457861,0.008499706,FALSE,FALSE,A1,cloneA,1,462,1023,1023,10,135,109.6979904,100.2793503,1050.638959,15.63725128,0.331613174,3.036661632,262.659494,0.027745006
4,23,253,83.49,0.789906133,65.94926306,0.004393232,FALSE,FALSE,A1,cloneA,1,429,963,963,14,129,84.34494019,67.84694672,2372.657985,23.15684768,0.249027568,3.39205266,593.1639513,0.038106303
5,1,1104,568.971,0.559759329,318.4868252,0.004815091,TRUE,FALSE,A1,cloneA,1,477,1043,1043,82,137,567.2178955,279.0410461,1661.195844,18.87538411,0.297785659,3.782515857,415.2985721,0.126934907
5,2,2576,1005.48,0.163378994,164.2743113,0.006697005,FALSE,FALSE,A1,cloneA,1,17,24,24,60,1,571.6314697,179.2698669,1697.420392,19.39068219,0.28533056,3.570293387,424.3547094,0.515131941
5,3,2346,1019.837,0.199633971,203.5941105,0.003817043,FALSE,FALSE,A1,cloneA,1,494,1073,1073,114,140,599.088623,186.2175446,1603.604488,19.88852996,0.259171268,5.167141604,400.9007551,0.497913398
5,4,2346,558.373,0.334606302,186.8351249,0.006697005,TRUE,FALSE,A1,cloneA,1,17,24,24,60,1,571.6314697,179.2698669,1697.420392,19.39068219,0.28533056,3.570293387,424.3547094,0.063685712
5,5,2346,730.982,0.445960009,325.9887393,0.008773003,TRUE,FALSE,A1,cloneA,1,684,1392,1392,55,174,686.3935547,326.684967,1642.020588,18.52406068,0.305920814,2.562901002,410.5047635,0.063129197
5,6,2576,1019.776,0.203753487,207.7829161,0.004246189,TRUE,FALSE,A1,cloneA,1,241,560,560,94,78,563.1832886,215.2829742,2133.156724,22.70906799,0.239627016,4.266836501,533.288684,0.482576379
5,7,2576,790.942,0.059423345,47.00041908,0.003525281,TRUE,FALSE,A1,cloneA,1,323,731,731,107,100,621.3228149,52.65205383,1572.02265,19.65598376,0.265108669,4.685543031,393.0052945,0.321791418
6,1,805,318.356,0.302192297,96.20473096,0.00907986,TRUE,FALSE,A1,cloneA,1,21,36,36,24,2,304.2819824,98.93615723,1448.723028,18.64266404,0.279564851,2.203671709,362.1804237,0.071816394
6,2,3243,1020.787,0.39295741,401.1258162,0.006151805,FALSE,FALSE,A1,cloneA,1,585,1230,1230,80,158,699.3121948,428.8816528,1683.287268,20.06491508,0.261802309,3.456091458,420.8214279,0.379645162
6,3,2024,773.692,0.411188962,318.1336103,0.008773003,FALSE,FALSE,A1,cloneA,1,684,1392,1392,55,174,686.3935547,326.684967,1642.020588,18.52406068,0.305920814,2.562901002,410.5047635,0.139009745
6,4,2001,529.212,0.656874477,347.6258557,0.003118044,TRUE,FALSE,A1,cloneA,1,535,1144,1144,101,149,493.4305115,374.3514709,2601.382108,25.85886715,0.212765026,2.613328724,650.3449224,0.139004542
6,5,1978,522.176,0.775261318,404.8228541,0.005597434,FALSE,FALSE,A1,cloneA,1,793,1590,1590,68,195,545.9285278,420.9108887,1953.75501,21.48185996,0.255895399,3.118364013,488.4383038,0.081730443
6,6,3174,998.128,0.301845158,301.2801035,0.003427919,FALSE,FALSE,A1,cloneA,1,401,895,895,137,121,668.2682495,300.6270142,2052.475653,22.04787112,0.251225576,5.724307724,513.1184385,0.332646121
6,7,3174,1057.96,0.252018045,266.6250105,0.005086045,FALSE,FALSE,A1,cloneA,1,612,1271,1271,76,162,608.9274292,266.0681152,2123.083307,22.29437115,0.248750099,3.608059948,530.7703384,0.426521149
7,1,943,364.176,0.554378548,201.8913621,0.005336873,TRUE,FALSE,A1,cloneA,1,24,42,42,39,3,359.8017578,195.1682739,1622.542506,19.49429468,0.278349554,2.784555437,405.6352531,0.045311865
7,2,1748,662.202,0.1956545,129.5628014,0.004205486,FALSE,FALSE,A1,cloneA,1,37,63,63,84,5,597.2336426,128.7879639,2086.670525,23.04958151,0.232402892,1.683375689,521.6671477,0.104089977
7,3,3197,1255.817,0.11060965,138.9054787,0.004205486,FALSE,FALSE,A1,cloneA,1,37,63,63,84,5,597.2336426,128.7879639,2086.670525,23.04958151,0.232402892,1.683375689,521.6671477,0.597263623
7,4,3312,865.998,0.258653641,223.9935358,0.004246189,FALSE,FALSE,A1,cloneA,1,241,560,560,94,78,563.1832886,215.2829742,2133.156724,22.70906799,0.239627016,4.266836501,533.288684,0.388558933
7,5,3312,991.377,0.314794801,312.0803256,0.008773003,FALSE,FALSE,A1,cloneA,1,684,1392,1392,55,174,686.3935547,326.684967,1642.020588,18.52406068,0.305920814,2.562901002,410.5047635,0.352341774
7,6,1863,840.677,0.705621618,593.1998651,0.006151805,FALSE,FALSE,A1,cloneA,1,585,1230,1230,80,158,699.3121948,428.8816528,1683.287268,20.06491508,0.261802309,3.456091458,420.8214279,0.445159027
7,7,1886,793.849,0.142716556,113.2953953,0.004205486,TRUE,FALSE,A1,cloneA,1,37,63,63,84,5,597.2336426,128.7879639,2086.670525,23.04958151,0.232402892,1.683375689,521.6671477,0.367968655
8,1,1426,621.935,0.284133882,176.7128057,0.003817043,TRUE,FALSE,A1,cloneA,1,494,1073,1073,114,140,599.088623,186.2175446,1603.604488,19.88852996,0.259171268,5.167141604,400.9007551,0.087775398
8,2,1863,858.824,0.071227827,61.17216727,0.004130649,FALSE,FALSE,A1,cloneA,1,411,915,915,98,123,563.8022461,62.67755127,1400.249905,18.47594522,0.276662766,3.972675143,350.0621515,0.367536206
8,3,1863,573.444,0.126498288,72.53968431,0.004130649,FALSE,FALSE,A1,cloneA,1,411,915,915,98,123,563.8022461,62.67755127,1400.249905,18.47594522,0.276662766,3.972675143,350.0621515,0.152768771
8,4,1725,504.663,0.347856003,175.550054,0.006697005,FALSE,FALSE,A1,cloneA,1,17,24,24,60,1,571.6314697,179.2698669,1697.420392,19.39068219,0.28533056,3.570293387,424.3547094,0.137903019
8,5,2737,1009.013,0.138677491,139.9273909,0.004205486,TRUE,FALSE,A1,cloneA,1,37,63,63,84,5,597.2336426,128.7879639,2086.670525,23.04958151,0.232402892,1.683375689,521.6671477,0.487709766
8,6,2714,822.914,0.434128345,357.2502929,0.005979293,FALSE,FALSE,A1,cloneA,1,224,525,525,77,74,680.6998901,365.577301,1856.471959,20.37351857,0.272524272,2.787730251,464.1175612,0.195595401
8,7,2553,904.38,0.262180449,237.1107542,0.005003589,FALSE,FALSE,A1,cloneA,1,713,1445,1445,72,179,573.78479,237.7076721,2187.420012,21.97413136,0.263525124,4.230353051,546.8544985,0.368060149
8,8,161,25.373,0.743942381,18.87605004,0.004409911,TRUE,FALSE,A1,cloneA,1,1053,2038,2038,5,248,24.34270859,19.08456421,1228.55293,17.07499313,0.290872997,2.865302183,307.1379456,0.05153162
8,9,138,20.658,0.397506315,8.211685454,0.004716488,FALSE,FALSE,A1,cloneA,1,518,1113,1113,4,145,19.52625847,7.665716171,1305.873993,17.74031115,0.284028668,3.475588868,326.4682083,0.121271534
9,1,1219,527.543,0.607200201,320.3242156,0.007656209,TRUE,FALSE,A1,cloneA,1,377,843,843,42,116,446.1505127,320.3253479,1614.064744,20.15097069,0.254284915,2.255648005,403.5158139,0.154289512
9,2,2024,1114.189,0.447846871,498.9860573,0.006151805,FALSE,FALSE,A1,cloneA,1,585,1230,1230,80,158,699.3121948,428.8816528,1683.287268,20.06491508,0.261802309,3.456091458,420.8214279,0.512851371
9,3,1334,838.307,0.523836503,439.1358077,0.006151805,FALSE,FALSE,A1,cloneA,1,585,1230,1230,80,158,699.3121948,428.8816528,1683.287268,20.06491508,0.261802309,3.456091458,420.8214279,0.189154941
9,4,1541,829.826,0.462713719,383.971875,0.005979293,FALSE,FALSE,A1,cloneA,1,224,525,525,77,74,680.6998901,365.577301,1856.471959,20.37351857,0.272524272,2.787730251,464.1175612,0.227613731
9,5,3473,1456.22,0.284054367,413.6456503,0.006151805,TRUE,FALSE,A1,cloneA,1,585,1230,1230,80,158,699.3121948,428.8816528,1683.287268,20.06491508,0.261802309,3.456091458,420.8214279,0.555300682
9,6,1886,964.192,0.226338767,218.2340285,0.004246189,FALSE,FALSE,A1,cloneA,1,241,560,560,94,78,563.1832886,215.2829742,2133.156724,22.70906799,0.239627016,4.266836501,533.288684,0.429423735
9,7,1909,493.424,0.746714804,368.4470053,0.003118044,TRUE,FALSE,A1,cloneA,1,535,1144,1144,101,149,493.4305115,374.3514709,2601.382108,25.85886715,0.212765026,2.613328724,650.3449224,0.015785715
10,1,1357,477.113,0.275642126,131.5124418,0.005468544,TRUE,FALSE,A1,cloneA,1,213,500,500,63,71,493.6966553,119.9095001,1465.039259,18.23505653,0.289814484,4.195622205,366.2594769,0.121817729
10,2,598,333.869,0.678474345,226.5215511,0.005728992,FALSE,FALSE,A1,cloneA,1,382,854,854,38,118,337.3942871,208.3703766,2134.052612,23.28550514,0.226296284,2.214202638,533.51266,0.090578579
10,3,1886,708.876,0.175592242,124.4731258,0.004205486,FALSE,FALSE,A1,cloneA,1,37,63,63,84,5,597.2336426,128.7879639,2086.670525,23.04958151,0.232402892,1.683375689,521.6671477,0.190995509
10,4,1058,351.872,0.353138666,124.2596085,0.004358756,FALSE,FALSE,A1,cloneA,1,214,501,501,55,71,342.1271057,127.1202316,1952.673138,21.54072675,0.253396207,2.357388224,488.1678239,0.050197717
10,5,2714,1128.75,0.404739336,456.8495251,0.006151805,FALSE,FALSE,A1,cloneA,1,585,1230,1230,80,158,699.3121948,428.8816528,1683.287268,20.06491508,0.261802309,3.456091458,420.8214279,0.441673315
10,6,46,15.923,0.988180873,15.73480403,0.006037037,TRUE,FALSE,A1,cloneA,1,575,1212,1212,1,158,15.80419254,15.71758747,3838.50708,31.37594032,0.187683076,1.427719223,959.6259155,0.008555544
10,7,46,37.654,0.998497479,37.59742409,0.005451096,TRUE,FALSE,A1,cloneA,1,313,710,710,2,97,37.61256027,37.61256027,2855.766479,24.16325188,0.255336866,2.52565397,713.9409485,0.001502963
1,1,1012,236.924,0.311660946,73.83995802,0.003663401,TRUE,FALSE,B2,cloneB,2,4625,2720,2720,44,129,234.443573,72.25875854,1370.128404,26.09361549,0.138416544,1.576017821,342.5317799,0.031883167
1,2,2806,882.721,0.126578396,111.7334087,0.004710821,FALSE,FALSE,B2,cloneB,2,4555,2540,2540,105,121,821.5093994,108.1273804,2148.7041,31.24254274,0.130205258,2.080107789,537.1755237,0.101617723
1,3,2093,533.167,0.034439415,18.36195984,0.004247214,FALSE,FALSE,B2,cloneB,2,4838,2784,2784,64,131,479.4869995,15.76085091,1368.012978,23.98183376,0.16808283,1.945377057,342.0029259,0.242338879
1,4,2185,573.452,0.440855359,252.8093875,0.004211488,TRUE,FALSE,B2,cloneB,2,4911,3209,3209,88,153,615.9634399,243.4496307,1297.48195,24.21849988,0.155358255,2.054009316,324.3701874,0.106039153
1,5,2185,620.73,0.235362988,146.0968674,0.004442038,TRUE,FALSE,B2,cloneB,2,5278,3960,3960,76,183,486.0917664,153.1083527,1579.590046,26.27965812,0.151989002,2.454839856,394.8971497,0.262697326
1,6,2254,568.795,0.431263137,245.3003159,0.004211488,FALSE,FALSE,B2,cloneB,2,4911,3209,3209,88,153,615.9634399,243.4496307,1297.48195,24.21849988,0.155358255,2.054009316,324.3701874,0.084121257
1,7,2898,595.706,0.073436091,43.7463199,0.008424334,TRUE,FALSE,B2,cloneB,2,5574,4537,4537,22,199,610.8850098,42.213871,3050.749656,37.99698899,0.111178472,1.639976449,762.6867065,0.059877923
1,8,621,150.635,0.585714506,88.22910461,0.004161606,TRUE,FALSE,B2,cloneB,2,6147,5746,5746,27,235,149.0729065,86.05194855,1282.714794,24.60036306,0.148667703,1.552348836,320.6784012,0.035046223
1,9,598,129.251,0.45011819,58.17822617,0.008975533,FALSE,FALSE,B2,cloneB,2,6450,6337,6337,7,251,132.4206696,58.16959763,2970.497314,36.50859996,0.118100226,1.596440311,742.6236223,0.024084678
2,1,1449,237.236,0.141913889,33.66708333,0.004592174,TRUE,FALSE,B2,cloneB,2,5951,5326,5326,32,224,234.9574585,36.53736496,1715.905495,27.35823864,0.145193552,1.938884972,428.9759731,0.088161969
2,2,1380,400.391,0.196547303,78.69577117,0.004411485,FALSE,FALSE,B2,cloneB,2,5095,3602,3602,5,195,431.9007874,79.44223785,2809.857227,27.44743538,0.202861127,1.973268966,702.4636597,0.082352423
2,3,2185,669.681,0.074319837,49.77058266,0.008424334,FALSE,FALSE,B2,cloneB,2,5574,4537,4537,22,199,610.8850098,42.213871,3050.749656,37.99698899,0.111178472,1.639976449,762.6867065,0.239627897
2,4,2438,607.918,0.251664029,152.9910932,0.004442038,FALSE,FALSE,B2,cloneB,2,5278,3960,3960,76,183,486.0917664,153.1083527,1579.590046,26.27965812,0.151989002,2.454839856,394.8971497,0.201164981
2,5,3105,638.444,0.109170619,69.69932638,0.003762894,FALSE,FALSE,B2,cloneB,2,4654,2785,2785,76,131,663.3664551,67.38182831,1830.063627,28.13112948,0.149178445,1.507850622,457.5154829,0.070819599
2,6,1242,289.27,0.412794585,119.4090897,0.003977624,FALSE,FALSE,B2,cloneB,2,4626,2724,2724,51,129,278.5153198,118.1158066,1821.554831,27.76813298,0.150345227,1.960581508,455.3882883,0.048009384
2,7,1081,315.438,0.650568047,205.2138835,0.005718236,FALSE,FALSE,B2,cloneB,2,4357,556,556,36,19,323.6811218,211.6045837,1792.502458,28.24284458,0.141756001,1.796444604,448.1252018,0.055667941
2,8,690,238.344,0.901371703,214.8365371,0.004544298,FALSE,FALSE,B2,cloneB,2,5148,3696,3696,36,172,246.2473145,198.2393799,1543.844767,27.34756014,0.136406504,2.146528585,385.9608417,0.109349844
2,9,713,184.837,0.397694451,73.50864932,0.003663871,TRUE,FALSE,B2,cloneB,2,3791,33,33,35,1,184.5772705,73.58398438,1929.648022,30.62953077,0.126741909,1.753558246,482.4115592,0.002428978
2,10,23,5.494,1.000074358,5.494408521,0.003985989,FALSE,FALSE,B2,cloneB,2,4766,3032,3032,2,143,5.496679783,5.496679783,2008.286255,25.91436958,0.179877251,1.706330714,502.0710907,0.000900734
2,11,23,13.554,1.000003835,13.55405198,0.001088865,FALSE,FALSE,B2,cloneB,2,5358,4128,4128,2,188,13.54548168,13.54548168,722.1256104,19.13616371,0.167039484,1.608181215,180.5312347,0.001260778
2,12,1081,246.985,0.712154947,175.8915897,0.003452307,FALSE,FALSE,B2,cloneB,2,5653,4712,4712,45,205,242.1464996,171.193924,2400.96629,30.13928185,0.14972057,2.188014848,600.241019,0.046297994
2,13,1081,303.637,0.746452149,226.6504912,0.006411156,FALSE,FALSE,B2,cloneB,2,4868,3138,3138,25,149,301.4174805,244.8048096,2158.201064,28.98035027,0.151471736,2.479775861,539.5497644,0.08146812
2,14,1265,385.837,0.320460219,123.6454095,0.004425508,TRUE,FALSE,B2,cloneB,2,5259,3916,3916,51,181,377.8557739,124.1116638,2302.535597,29.88527881,0.152352029,2.0435175,575.6333588,0.024442219
2,15,1265,448.364,0.060344582,27.05633798,0.004974031,TRUE,FALSE,B2,cloneB,2,4195,1783,1783,37,74,388.6028137,23.65186882,1853.416603,27.19223744,0.15776256,1.374201389,463.3537128,0.259116106
3,1,2116,715.054,0.521624385,372.9896026,0.005147084,TRUE,FALSE,B2,cloneB,2,4215,1870,1870,91,80,683.6085205,371.2522583,2018.177594,29.79604547,0.139059798,1.889936219,504.5439322,0.04863426
3,2,2001,310.422,0.409781507,127.205195,0.004202856,FALSE,FALSE,B2,cloneB,2,5155,3710,3710,42,173,297.7218018,125.8632278,1943.710802,28.81494858,0.141514344,1.908324191,485.9272541,0.051462312
3,3,2300,534.598,0.386031872,206.3718665,0.005360573,FALSE,FALSE,B2,cloneB,2,4917,3219,3219,60,153,513.0286255,205.0753021,2054.948575,27.77069575,0.159444179,1.94591667,513.7366628,0.046629565
3,4,1886,316.44,0.055983631,17.71546017,0.00700223,TRUE,FALSE,B2,cloneB,2,5945,5305,5305,23,224,310.6617737,15.48261547,2949.137058,34.13183851,0.134221193,1.752893368,737.28358,0.144299429
3,5,736,148.675,0.050984932,7.580184694,0.002709387,FALSE,FALSE,B2,cloneB,2,3900,633,633,23,23,151.9775543,7.475228786,1849.144292,29.50498987,0.139896057,1.765595705,462.2856379,0.035576628
3,6,1587,169.952,0.612418839,104.0818065,0.004907066,TRUE,FALSE,B2,cloneB,2,4767,3033,3033,20,143,169.9732208,104.5349655,1395.82887,25.51910992,0.146600882,2.009974453,348.9568954,0.004459847
3,7,1587,292.777,0.18124736,53.06505835,0.004318178,TRUE,FALSE,B2,cloneB,2,4184,1760,1760,45,73,280.3467407,53.2070961,1746.184801,28.59179467,0.139207712,1.801285725,436.5457954,0.045125933
4,1,575,210.781,0.335060917,70.62447514,0.011524116,TRUE,FALSE,B2,cloneB,2,3874,457,457,13,15,224.7480164,69.52841187,1963.005427,32.79224454,0.109583296,1.616413061,490.7509155,0.077664822
4,2,1426,393.661,0.337136003,132.7172963,0.003108669,FALSE,FALSE,B2,cloneB,2,5142,3685,3685,87,172,405.3587646,135.1557159,1730.994418,26.73152244,0.154223435,2.801966411,432.7482035,0.046899364
4,3,1288,318.255,0.141612498,45.0688857,0.013181796,FALSE,FALSE,B2,cloneB,2,5246,3891,3891,15,180,305.8555298,45.43185806,3239.015788,38.64264577,0.111999117,1.81047888,809.7532145,0.046950182
4,4,3105,627.598,0.199382355,125.1319675,0.003423665,FALSE,FALSE,B2,cloneB,2,4899,3183,3183,97,152,501.2538452,129.9356079,1522.355379,24.77105096,0.169440626,1.913614172,380.5884939,0.238283218
4,5,2438,478.466,0.141730209,67.81308636,0.004915951,FALSE,FALSE,B2,cloneB,2,5350,4114,4114,46,187,449.2527771,65.04605103,2294.931296,31.6020206,0.131297923,1.787104364,573.7322905,0.101859861
4,6,2392,486.147,0.067209553,32.67372244,0.004567009,FALSE,FALSE,B2,cloneB,2,3848,294,294,76,9,587.6976929,29.95656776,1735.640675,30.41266963,0.12094985,1.418376982,433.9097704,0.255954341
4,7,2484,425.734,0.287844465,122.5451755,0.003515031,FALSE,FALSE,B2,cloneB,2,3772,7,7,89,1,449.8522949,118.0953598,1625.180096,27.70868788,0.14164839,1.772285046,406.2946462,0.089925444
4,8,874,162.645,0.334665494,54.43166935,0.00356958,TRUE,FALSE,B2,cloneB,2,6070,5593,5593,33,231,162.8085022,56.32475662,2024.502874,30.95070007,0.127002183,1.883792299,506.1252497,0.034614477
4,9,874,153.361,0.61703336,94.62885305,0.005267741,TRUE,FALSE,B2,cloneB,2,4087,1489,1489,17,58,156.2754211,92.34081268,1930.468628,27.89299595,0.1521518,1.565133683,482.6167046,0.04282836
4,10,1518,384.749,0.100583466,38.69938792,0.003975393,FALSE,FALSE,B2,cloneB,2,5401,4210,4210,64,190,365.2094727,37.54462814,1924.897692,28.69853491,0.143528354,2.623023783,481.2239752,0.080624354
4,11,943,193.389,0.311470464,60.23496161,0.006985318,FALSE,FALSE,B2,cloneB,2,5963,5362,5362,14,225,208.283493,60.34142685,2511.448713,30.53668799,0.152954439,1.497467515,627.8615941,0.073275055
4,12,1127,295.647,0.404326851,119.5380205,0.004202856,FALSE,FALSE,B2,cloneB,2,5155,3710,3710,42,173,297.7218018,125.8632278,1943.710802,28.81494858,0.141514344,1.908324191,485.9272541,0.057223537
4,13,1725,424.611,0.125195884,53.15954971,0.006568666,TRUE,FALSE,B2,cloneB,2,4668,2829,2829,43,134,443.5365295,51.6074028,3205.603802,34.18283369,0.142602627,1.41935986,801.4002132,0.071867501
4,14,1610,451.702,0.291727319,131.7738134,0.003515031,FALSE,FALSE,B2,cloneB,2,3772,7,7,89,1,449.8522949,118.0953598,1625.180096,27.70868788,0.14164839,1.772285046,406.2946462,0.107897485
4,15,1610,381.927,0.386199167,147.4998894,0.004508554,FALSE,FALSE,B2,cloneB,2,4448,2249,2249,58,105,382.9100037,154.9704895,1461.776099,22.96316841,0.186496003,2.143737626,365.4436864,0.050773791
4,16,598,131.393,0.23571964,30.97191064,0.004962951,FALSE,FALSE,B2,cloneB,2,4639,2755,2755,19,130,123.2886734,30.65877724,2660.367907,29.40812161,0.169056023,1.595411701,665.0913632,0.071790287
4,17,598,138.469,0.642930419,89.02593215,0.004254662,FALSE,FALSE,B2,cloneB,2,4960,3307,3307,21,157,141.9933014,90.9285202,1199.37253,24.19415556,0.147153654,2.327314029,299.8428461,0.045744191
4,18,552,77.391,0.610638136,47.25789595,0.004042623,FALSE,FALSE,B2,cloneB,2,4124,1580,1580,14,62,78.30838013,46.95887756,1521.414089,27.62049362,0.133517868,1.379812015,380.3531603,0.018042342
4,19,552,140.48,0.689024574,96.79417212,0.004534817,FALSE,FALSE,B2,cloneB,2,6298,6022,6022,23,242,137.5977936,98.87682343,2815.469302,35.8813596,0.117884574,1.797371345,703.8666647,0.041579934
5,1,3013,527.904,0.027246112,14.38333126,0.004247214,TRUE,FALSE,B2,cloneB,2,4838,2784,2784,64,131,479.4869995,15.76085091,1368.012978,23.98183376,0.16808283,1.945377057,342.0029259,0.17911689
5,2,1656,536.719,0.442514196,237.5057769,0.004211488,FALSE,FALSE,B2,cloneB,2,4911,3209,3209,88,153,615.9634399,243.4496307,1297.48195,24.21849988,0.155358255,2.054009316,324.3701874,0.153066335
5,3,2806,877.302,0.322485443,282.9171244,0.003646225,FALSE,FALSE,B2,cloneB,2,4804,2086,2086,110,94,649.0081177,246.4599457,1531.845128,26.05676448,0.150285306,2.274302039,382.9609279,0.389084375
5,4,1334,378.575,0.181263606,68.62186969,0.00913089,TRUE,FALSE,B2,cloneB,2,5455,4303,4303,15,192,380.1323853,64.40066528,3468.052214,37.23567861,0.124936579,1.636820659,867.0122599,0.065610936
5,5,1334,349.457,0.403652091,141.0590488,0.002800201,TRUE,FALSE,B2,cloneB,2,4323,2191,2191,84,100,353.5502625,151.8904572,1772.011877,24.82655909,0.181988828,2.242744146,443.0025598,0.082888255
5,6,184,20.088,0.524780092,10.54178249,0.004230519,TRUE,FALSE,B2,cloneB,2,4830,2606,2606,3,124,19.55090332,10.53136444,1058.145752,20.0563399,0.207249478,1.761659042,264.5361938,0.027725453
5,7,184,50.382,0.923568782,46.53124236,0.005440914,TRUE,FALSE,B2,cloneB,2,6540,6496,6496,6,255,50.22093582,46.95281219,1571.273234,23.3327891,0.190863612,2.340484693,392.8179423,0.012175445
6,2,2139,462.828,0.097587177,45.16607808,0.005483286,FALSE,FALSE,B2,cloneB,2,4541,2500,2500,26,119,438.6563416,42.79589462,1757.365314,28.2271116,0.141507048,1.683089274,439.340926,0.104703077
6,3,1863,400.609,0.226100501,90.57789559,0.003344738,FALSE,FALSE,B2,cloneB,2,5162,3719,3719,65,173,380.6820679,93.4112854,1782.518714,26.79404491,0.158896147,1.881861658,445.6292645,0.080074013
6,4,1564,422.605,0.204254875,86.31913141,0.004411485,FALSE,FALSE,B2,cloneB,2,5095,3602,3602,5,195,431.9007874,79.44223785,2809.857227,27.44743538,0.202861127,1.973268966,702.4636597,0.101191212
6,5,2185,625.395,0.131006329,81.93070332,0.003920289,FALSE,FALSE,B2,cloneB,2,4734,2972,2972,87,141,578.7404785,84.07954407,1514.413146,24.9084821,0.161389302,1.704710878,378.6029375,0.100157323
6,6,1794,474.864,0.213905921,101.5762213,0.003976744,FALSE,FALSE,B2,cloneB,2,4165,1705,1705,79,70,492.3822021,111.1667557,2121.618674,30.76425719,0.136576635,2.092426039,530.4041713,0.121850068
6,7,1564,473.92,0.277752392,131.6324135,0.003423665,FALSE,FALSE,B2,cloneB,2,4899,3183,3183,97,152,501.2538452,129.9356079,1522.355379,24.77105096,0.169440626,1.913614172,380.5884939,0.067421428
6,8,2116,695.252,0.241886431,168.172025,0.004518163,FALSE,FALSE,B2,cloneB,2,4289,2078,2078,69,94,485.31604,162.3471832,1602.59783,26.9610659,0.143650483,1.777892878,400.6490903,0.336592854
6,9,2208,617.138,0.279184804,172.2955513,0.004518163,FALSE,FALSE,B2,cloneB,2,4289,2078,2078,69,94,485.31604,162.3471832,1602.59783,26.9610659,0.143650483,1.777892878,400.6490903,0.271342212
6,10,1633,369.921,0.250327221,92.60129602,0.008285869,FALSE,FALSE,B2,cloneB,2,4339,87,87,18,4,374.9189758,92.77216339,1460.978333,23.01384089,0.185105346,1.779463945,365.2442474,0.015172612
6,11,1633,442.46,0.421609502,186.5453403,0.004120851,FALSE,FALSE,B2,cloneB,2,4896,3178,3178,46,185,446.1349792,195.1675415,1723.675322,26.77817146,0.153938016,2.675961006,430.9184265,0.05241583
6,12,2346,453.835,0.329896797,149.718713,0.004442038,TRUE,FALSE,B2,cloneB,2,5278,3960,3960,76,183,486.0917664,153.1083527,1579.590046,26.27965812,0.151989002,2.454839856,394.8971497,0.088498247
6,13,2093,512.367,0.173540853,88.91660635,0.005059865,FALSE,FALSE,B2,cloneB,2,4944,3273,3273,63,155,523.2036133,88.23912811,1808.367403,26.98829324,0.157177005,1.982636311,452.0914328,0.028331293
6,14,2576,618.527,0.248797181,153.8877737,0.004442038,TRUE,FALSE,B2,cloneB,2,5278,3960,3960,76,183,486.0917664,153.1083527,1579.590046,26.27965812,0.151989002,2.454839856,394.8971497,0.219178775
6,15,2231,596.615,0.104325181,62.24196794,0.003762894,FALSE,FALSE,B2,cloneB,2,4654,2785,2785,76,131,663.3664551,67.38182831,1830.063627,28.13112948,0.149178445,1.507850622,457.5154829,0.176904931
6,16,161,45.539,0.926784439,42.20483655,0.008936948,TRUE,FALSE,B2,cloneB,2,4676,2847,2847,3,135,45.97846603,43.80955124,1225.276408,23.0250543,0.164338311,1.391968359,306.3187968,0.046187418
6,17,161,40.948,0.741276803,30.35380255,0.007545874,TRUE,FALSE,B2,cloneB,2,6573,6556,6556,4,256,39.01517105,30.01621246,873.3984375,12.98844695,0.368893147,1.7638593,218.3494072,0.058323874
6,18,230,47.353,0.721913632,34.18477622,0.004074052,TRUE,FALSE,B2,cloneB,2,3820,124,124,4,7,48.61006546,34.27383423,3352.351318,34.56252193,0.142736454,1.326521283,838.0870667,0.028458614
6,19,207,33.403,0.212748051,7.106423151,0.005105029,FALSE,FALSE,B2,cloneB,2,4777,3051,3051,4,145,34.24674225,6.680994511,1537.271484,25.56476355,0.156118475,2.450203611,384.3174896,0.084502522
6,20,138,21.197,0.916775379,19.43288772,0.007747956,FALSE,FALSE,B2,cloneB,2,4697,2891,2891,3,137,21.29224205,19.23526955,1071.489909,23.98060989,0.137132193,1.409999241,267.8722382,0.014642351
6,21,138,23.684,0.420548305,9.960266061,0.002687214,FALSE,FALSE,B2,cloneB,2,5930,5289,5289,4,223,23.59650612,9.771785736,359.4638901,12.66560364,0.23169259,1.89291964,89.86588669,0.022617441
7,1,736,176.381,0.747893186,131.914148,0.005411379,TRUE,FALSE,B2,cloneB,2,6140,5730,5730,17,247,181.4346619,137.21138,2452.665262,32.43795047,0.132294071,1.702540715,613.165741,0.066460255
7,2,1909,523.867,0.520368396,272.6038305,0.006144908,FALSE,FALSE,B2,cloneB,2,3809,81,81,47,2,505.2237549,278.2064819,2293.93857,33.01329653,0.124646229,1.853971384,573.4841081,0.05572621
7,3,1587,467.551,0.11481476,53.68175605,0.004311772,FALSE,FALSE,B2,cloneB,2,5139,3680,3680,62,171,474.2596741,53.7160759,1620.100798,25.42172589,0.164813103,1.809419205,405.0248243,0.014784483
7,4,3335,790.091,0.507618065,401.0644644,0.005147084,FALSE,FALSE,B2,cloneB,2,4215,1870,1870,91,80,683.6085205,371.2522583,2018.177594,29.79604547,0.139059798,1.889936219,504.5439322,0.209105128
7,5,3335,883.507,0.389063334,343.7401789,0.005147084,FALSE,FALSE,B2,cloneB,2,4215,1870,1870,91,80,683.6085205,371.2522583,2018.177594,29.79604547,0.139059798,1.889936219,504.5439322,0.300361843
7,6,3680,1076.962,0.071797549,77.32323245,0.006062121,TRUE,FALSE,B2,cloneB,2,5073,3563,3563,64,167,658.6275635,76.08934021,2019.800011,28.18353367,0.152599976,2.09737298,504.9495344,0.404396953
7,7,3657,1018.203,0.39048552,397.5935283,0.005147084,FALSE,FALSE,B2,cloneB,2,4215,1870,1870,91,80,683.6085205,371.2522583,2018.177594,29.79604547,0.139059798,1.889936219,504.5439322,0.394864499
8,1,2553,524.912,0.195449392,102.5937312,0.003976744,TRUE,FALSE,B2,cloneB,2,4165,1705,1705,79,70,492.3822021,111.1667557,2121.618674,30.76425719,0.136576635,2.092426039,530.4041713,0.139090506
8,2,1426,526.605,0.072172105,38.00619119,0.008424334,FALSE,FALSE,B2,cloneB,2,5574,4537,4537,22,199,610.8850098,42.213871,3050.749656,37.99698899,0.111178472,1.639976449,762.6867065,0.237639077
8,3,1219,466.623,0.581951502,271.5519558,0.003485541,FALSE,FALSE,B2,cloneB,2,4308,2135,2135,76,97,435.0082703,276.0840454,2055.436016,29.63336941,0.156609306,1.812224864,513.8585297,0.084167805
8,4,2001,910.025,0.062979767,57.31316235,0.007254815,FALSE,FALSE,B2,cloneB,2,4168,1711,1711,69,70,960.7420654,44.26781845,2153.070406,30.45253165,0.147338613,1.762522932,538.2671022,0.280404618
8,5,2024,654.924,0.306320753,200.6168129,0.003646225,TRUE,FALSE,B2,cloneB,2,4804,2086,2086,110,94,649.0081177,246.4599457,1531.845128,26.05676448,0.150285306,2.274302039,382.9609279,0.195039352
8,6,2231,619.677,0.248143814,153.7690141,0.004442038,TRUE,FALSE,B2,cloneB,2,5278,3960,3960,76,183,486.0917664,153.1083527,1579.590046,26.27965812,0.151989002,2.454839856,394.8971497,0.219868814
8,7,2208,592.305,0.266763443,158.0053209,0.004518163,FALSE,FALSE,B2,cloneB,2,4289,2078,2078,69,94,485.31604,162.3471832,1602.59783,26.9610659,0.143650483,1.777892878,400.6490903,0.207375836
9,1,943,158.763,0.254834613,40.45830763,0.004283581,TRUE,FALSE,B2,cloneB,2,4834,2666,2666,24,127,156.3556671,38.12337875,1273.166682,23.18041241,0.185485408,1.444369885,318.2913774,0.072875036
9,2,2254,567.504,0.437901225,248.510697,0.004211488,FALSE,FALSE,B2,cloneB,2,4911,3209,3209,88,153,615.9634399,243.4496307,1297.48195,24.21849988,0.155358255,2.054009316,324.3701874,0.099038179
9,3,1909,636.144,0.128618771,81.82005916,0.006062121,FALSE,FALSE,B2,cloneB,2,5073,3563,3563,64,167,658.6275635,76.08934021,2019.800011,28.18353367,0.152599976,2.09737298,504.9495344,0.104177505
9,4,2806,905.361,0.294579997,266.7012405,0.003646225,TRUE,FALSE,B2,cloneB,2,4804,2086,2086,110,94,649.0081177,246.4599457,1531.845128,26.05676448,0.150285306,2.274302039,382.9609279,0.359044922
9,5,2806,728.045,0.035235754,25.65321422,0.00289367,TRUE,FALSE,B2,cloneB,2,4391,715,715,184,26,813.8984985,20.86041451,1510.534356,27.06973048,0.136262716,1.361086153,377.6332376,0.29231466
9,6,2231,612.593,0.125021543,76.58732219,0.006062121,FALSE,FALSE,B2,cloneB,2,5073,3563,3563,64,167,658.6275635,76.08934021,2019.800011,28.18353367,0.152599976,2.09737298,504.9495344,0.076396827
9,7,2438,495.064,0.566752143,280.5785831,0.006144908,FALSE,FALSE,B2,cloneB,2,3809,81,81,47,2,505.2237549,278.2064819,2293.93857,33.01329653,0.124646229,1.853971384,573.4841081,0.028563737
9,8,874,229.277,0.794473395,182.1544767,0.006541875,FALSE,FALSE,B2,cloneB,2,6115,5688,5688,26,234,243.9260406,183.3078308,3143.95412,38.6822867,0.109536905,1.704451507,785.9877953,0.066347153
9,9,874,201.771,0.457576832,92.32573505,0.00423737,FALSE,FALSE,B2,cloneB,2,5498,4389,4389,32,195,204.1862335,88.94195557,1636.921432,25.17172474,0.166141819,1.558679827,409.2299719,0.048479029
9,10,690,119.761,0.499827618,59.85985537,0.002997535,TRUE,FALSE,B2,cloneB,2,6088,5629,5629,30,232,119.7187347,59.23880386,1709.110111,29.64202983,0.123980179,2.595176624,427.2771311,0.010728005
9,11,690,201.843,0.839752097,169.4980826,0.004977969,TRUE,FALSE,B2,cloneB,2,5279,3961,3961,30,183,199.1476288,166.6829071,2263.122253,30.67094777,0.140098728,1.733440418,565.7800364,0.029962694