clone,replicate,LID,TID,track.duration,track.length,meandering.index,euclidean.distance,mean.speed,track.present.at.start.or.end,track.never.divides,cell.line,tracking.id,lineage.id,n_frames,start_frame,total_path_length,final_displacement,calculated_displacement,lineage_rootcell,left_censored,displacement_equal,lineage_equal
cloneA,1,1,1,230,80.85,0.084018558,6.792900411,0.351521739,TRUE,FALSE,A1,2162,2162,2,261,6.777081966,6.777081966,6.777081795,FALSE,TRUE,FALSE,TRUE
cloneB,2,1,1,230,80.85,0.084018558,6.792900411,0.351521739,TRUE,FALSE,A1,4283,4283,9,192,81.52509308,73.9019165,73.90191832,FALSE,TRUE,FALSE,TRUE
cloneA,1,1,2,1587,633.822,0.202549464,128.3803066,0.399383743,FALSE,FALSE,A1,1157,1157,13,151,129.8737793,128.1078949,128.1079002,FALSE,TRUE,FALSE,TRUE
cloneB,2,1,2,1587,633.822,0.202549464,128.3803066,0.399383743,FALSE,FALSE,A1,5637,5637,24,232,186.8978577,111.3200989,111.3201013,FALSE,TRUE,FALSE,TRUE
cloneA,1,1,3,1702,711.651,0.479299118,341.0936965,0.418126322,FALSE,FALSE,A1,845,845,43,117,437.1079407,338.8217163,338.821708,FALSE,TRUE,FALSE,TRUE
cloneB,2,1,3,1702,711.651,0.479299118,341.0936965,0.418126322,FALSE,FALSE,A1,76,76,5,2,23.70006752,18.35626984,18.35627002,FALSE,TRUE,FALSE,TRUE
cloneA,1,1,4,2484,963.285,0.133813677,128.9007075,0.387795894,TRUE,FALSE,A1,1911,1911,30,234,132.5326538,128.9356995,128.9357048,FALSE,TRUE,FALSE,TRUE
cloneB,2,1,4,2484,963.285,0.133813677,128.9007075,0.387795894,TRUE,FALSE,A1,2086,2086,110,94,649.0081177,246.4599457,246.4599513,FALSE,TRUE,FALSE,TRUE
cloneA,1,1,5,2484,870.399,0.106266073,92.49388374,0.350402174,TRUE,FALSE,A1,2017,2017,9,245,103.3411942,92.5149765,92.51497722,FALSE,TRUE,FALSE,TRUE
cloneB,2,1,5,2484,870.399,0.106266073,92.49388374,0.350402174,TRUE,FALSE,A1,3626,3626,44,169,400.2655945,145.8015747,145.8015707,FALSE,TRUE,FALSE,TRUE
cloneA,1,1,7,1725,772.966,0.249194721,192.6190468,0.448096232,FALSE,FALSE,A1,945,945,9,127,203.5081024,191.4057159,191.4057206,FALSE,TRUE,FALSE,TRUE
cloneB,2,1,7,1725,772.966,0.249194721,192.6190468,0.448096232,FALSE,FALSE,A1,3039,3039,13,144,94.05835724,43.73572922,43.73572947,FALSE,TRUE,FALSE,TRUE
cloneA,1,1,8,2484,556.709,0.216371396,120.4559034,0.224117955,TRUE,FALSE,A1,1308,1308,89,165,316.1058655,120.4623413,120.462338,FALSE,TRUE,FALSE,TRUE
cloneB,2,1,8,2484,556.709,0.216371396,120.4559034,0.224117955,TRUE,FALSE,A1,3273,3273,63,155,523.2036133,88.23912811,88.23912747,FALSE,TRUE,FALSE,TRUE
cloneA,1,1,9,2484,1113.36,0.573760134,638.8015825,0.44821256,TRUE,FALSE,A1,1230,1230,80,158,699.3121948,428.8816528,428.881642,FALSE,TRUE,FALSE,TRUE
cloneB,2,1,9,2484,1113.36,0.573760134,638.8015825,0.44821256,TRUE,FALSE,A1,6337,6337,7,251,132.4206696,58.16959763,58.1695985,FALSE,TRUE,FALSE,TRUE
cloneA,1,1,10,1334,501.488,0.421828061,211.5417107,0.375928036,FALSE,FALSE,A1,681,681,22,94,218.0400238,211.6035461,211.6035412,FALSE,TRUE,FALSE,TRUE
cloneA,1,1,11,4485,1305.945,0.238928412,312.0273645,0.291180602,TRUE,FALSE,A1,1538,1538,74,191,353.3253479,307.7530518,307.753041,FALSE,TRUE,FALSE,TRUE
cloneA,1,1,12,4439,1445.861,0.188391157,272.3874267,0.325717729,FALSE,FALSE,A1,1091,1091,44,143,448.1813049,268.2715454,268.2715421,FALSE,TRUE,FALSE,TRUE
cloneA,1,2,1,805,352.392,0.636820224,224.4103524,0.437754037,TRUE,FALSE,A1,1454,1454,79,181,509.0367737,226.2994843,226.2994796,FALSE,TRUE,FALSE,TRUE
cloneB,2,2,1,805,352.392,0.636820224,224.4103524,0.437754037,TRUE,FALSE,A1,3410,3410,5,161,43.19910431,33.70290375,33.70290319,FALSE,TRUE,FALSE,TRUE
cloneA,1,2,2,2070,890.779,0.510613608,454.8438791,0.430328019,FALSE,FALSE,A1,1230,1230,80,158,699.3121948,428.8816528,428.881642,FALSE,TRUE,FALSE,TRUE
cloneB,2,2,2,2070,890.779,0.510613608,454.8438791,0.430328019,FALSE,FALSE,A1,4263,4263,27,192,168.5236816,78.75774384,78.7577401,FALSE,TRUE,FALSE,TRUE
cloneA,1,2,3,1702,983.519,0.293068641,288.2385765,0.577860752,FALSE,FALSE,A1,1762,1762,50,215,372.2729797,288.5961304,288.596118,FALSE,TRUE,FALSE,TRUE
cloneB,2,2,3,1702,983.519,0.293068641,288.2385765,0.577860752,FALSE,FALSE,A1,5224,5224,8,221,71.1572876,49.77447891,49.7744788,FALSE,TRUE,FALSE,TRUE
cloneA,1,2,4,3473,1200.913,0.161750462,194.248233,0.345785488,TRUE,FALSE,A1,932,932,134,126,426.7359314,194.2303619,194.2303585,FALSE,TRUE,FALSE,TRUE
cloneB,2,2,4,3473,1200.913,0.161750462,194.248233,0.345785488,TRUE,FALSE,A1,3960,3960,76,183,486.0917664,153.1083527,153.1083589,FALSE,TRUE,FALSE,TRUE
cloneA,1,2,5,3473,1354.685,0.3244475,439.5241619,0.390061906,TRUE,FALSE,A1,1230,1230,80,158,699.3121948,428.8816528,428.881642,FALSE,TRUE,FALSE,TRUE
cloneB,2,2,5,3473,1354.685,0.3244475,439.5241619,0.390061906,TRUE,FALSE,A1,3111,3111,38,148,167.8438416,69.78352356,69.78352196,FALSE,TRUE,FALSE,TRUE
cloneA,1,2,6,2024,836.591,0.299423365,250.494892,0.413335474,FALSE,FALSE,A1,766,766,59,105,487.6856995,251.5574188,251.5574216,FALSE,TRUE,FALSE,TRUE
cloneB,2,2,6,2024,836.591,0.299423365,250.494892,0.413335474,FALSE,FALSE,A1,4859,4859,26,210,180.9091797,119.6839066,119.6839097,FALSE,TRUE,FALSE,TRUE
cloneA,1,2,7,1794,812.233,0.477986034,388.2360303,0.452749721,FALSE,FALSE,A1,1144,1144,101,149,493.4305115,374.3514709,374.3514736,FALSE,TRUE,FALSE,TRUE
cloneB,2,2,7,1794,812.233,0.477986034,388.2360303,0.452749721,FALSE,FALSE,A1,3219,3219,60,153,513.0286255,205.0753021,205.0753056,FALSE,TRUE,FALSE,TRUE
cloneA,1,2,8,1288,576.585,0.893122821,514.9612215,0.447659161,FALSE,FALSE,A1,1230,1230,80,158,699.3121948,428.8816528,428.881642,FALSE,TRUE,FALSE,TRUE
cloneB,2,2,8,1288,576.585,0.893122821,514.9612215,0.447659161,FALSE,FALSE,A1,556,556,36,19,323.6811218,211.6045837,211.6045912,FALSE,TRUE,FALSE,TRUE
cloneA,1,2,9,1311,564.997,0.597922745,337.8245571,0.430966438,TRUE,FALSE,A1,845,845,43,117,437.1079407,338.8217163,338.821708,FALSE,TRUE,FALSE,TRUE
cloneB,2,2,9,1311,564.997,0.597922745,337.8245571,0.430966438,TRUE,FALSE,A1,33,33,35,1,184.5772705,73.58398438,73.58398412,TRUE,FALSE,FALSE,TRUE
cloneA,1,2,11,1081,359.29,0.127413414,45.77836559,0.332368178,TRUE,FALSE,A1,2112,2112,7,255,62.04230881,45.79214478,45.79214533,FALSE,TRUE,FALSE,TRUE
cloneB,2,2,11,1081,359.29,0.127413414,45.77836559,0.332368178,TRUE,FALSE,A1,4128,4128,2,188,13.54548168,13.54548168,13.54548214,FALSE,TRUE,FALSE,TRUE
cloneA,1,2,12,1081,424.374,0.563256921,239.0315924,0.392575393,TRUE,FALSE,A1,1079,1079,42,141,320.3034668,238.8103485,238.8103551,FALSE,TRUE,FALSE,TRUE
cloneB,2,2,12,1081,424.374,0.563256921,239.0315924,0.392575393,TRUE,FALSE,A1,2077,2077,57,94,332.2823181,177.2574005,177.2574051,FALSE,TRUE,FALSE,TRUE
cloneA,1,3,1,920,472.282,0.717434667,338.8314794,0.51335,TRUE,FALSE,A1,845,845,43,117,437.1079407,338.8217163,338.821708,FALSE,TRUE,FALSE,TRUE
cloneB,2,3,1,920,472.282,0.717434667,338.8314794,0.51335,TRUE,FALSE,A1,1870,1870,91,80,683.6085205,371.2522583,371.2522566,FALSE,TRUE,FALSE,TRUE
cloneA,1,3,2,2576,1207.186,0.600524236,724.9444504,0.468628106,FALSE,FALSE,A1,1230,1230,80,158,699.3121948,428.8816528,428.881642,FALSE,TRUE,FALSE,TRUE
cloneB,2,3,2,2576,1207.186,0.600524236,724.9444504,0.468628106,FALSE,FALSE,A1,64,64,35,34,288.3204651,127.2245636,61.02961077,FALSE,TRUE,FALSE,TRUE
cloneA,1,3,3,2093,1140.36,0.022381473,25.52293684,0.54484472,FALSE,FALSE,A1,2000,2000,5,246,41.46365356,25.47794342,26.88120516,FALSE,TRUE,FALSE,TRUE
cloneB,2,3,3,2093,1140.36,0.022381473,25.52293684,0.54484472,FALSE,FALSE,A1,2937,2937,94,139,366.0965576,205.6681671,205.6681745,FALSE,TRUE,FALSE,TRUE
cloneA,1,3,4,2576,1207.565,0.296689203,358.2714976,0.468775233,FALSE,FALSE,A1,525,525,77,74,680.6998901,365.577301,365.5773103,FALSE,TRUE,FALSE,TRUE
cloneB,2,3,4,2576,1207.565,0.296689203,358.2714976,0.468775233,FALSE,FALSE,A1,5515,5515,6,228,23.80255127,17.73641205,17.73641124,FALSE,TRUE,FALSE,TRUE
cloneA,1,3,5,2990,1157.447,0.139974093,162.0125946,0.38710602,FALSE,FALSE,A1,1840,1840,39,226,200.1219635,164.5087891,164.5087904,FALSE,TRUE,FALSE,TRUE
cloneB,2,3,5,2990,1157.447,0.139974093,162.0125946,0.38710602,FALSE,FALSE,A1,3782,3782,6,176,68.30274963,7.580969334,7.580969346,FALSE,TRUE,FALSE,TRUE
cloneA,1,3,6,1012,509.618,0.661162123,336.9401189,0.503575099,FALSE,FALSE,A1,845,845,43,117,437.1079407,338.8217163,338.821708,FALSE,TRUE,FALSE,TRUE
cloneB,2,3,6,1012,509.618,0.661162123,336.9401189,0.503575099,FALSE,FALSE,A1,1386,1386,38,53,210.0059357,103.9912643,103.9912619,FALSE,TRUE,FALSE,TRUE
cloneA,1,3,7,1840,946.558,0.165753396,156.8952034,0.514433696,FALSE,FALSE,A1,1760,1760,39,214,303.2902527,156.5107727,156.5107749,FALSE,TRUE,FALSE,TRUE
cloneB,2,3,7,1840,946.558,0.165753396,156.8952034,0.514433696,FALSE,FALSE,A1,4581,4581,5,200,54.48494339,53.03536987,53.03537161,FALSE,TRUE,FALSE,TRUE
cloneA,1,3,8,621,350.432,0.879206974,308.1022584,0.564302738,TRUE,FALSE,A1,1538,1538,74,191,353.3253479,307.7530518,307.753041,FALSE,TRUE,FALSE,TRUE
cloneA,1,3,9,598,270.977,0.664471106,180.0563868,0.453138796,FALSE,FALSE,A1,218,218,17,30,197.6687775,179.3461304,179.346131,FALSE,TRUE,FALSE,TRUE
cloneA,1,4,1,713,413.709,0.48578187,200.9723318,0.580237027,TRUE,FALSE,A1,1255,1255,30,161,271.0300903,201.6960449,201.6960455,FALSE,TRUE,FALSE,TRUE
cloneB,2,4,1,713,413.709,0.48578187,200.9723318,0.580237027,TRUE,FALSE,A1,1856,1856,14,79,116.7500076,70.68629456,70.68629353,FALSE,TRUE,FALSE,TRUE
cloneA,1,4,2,1311,513.025,0.564192115,289.4446599,0.391323417,FALSE,FALSE,A1,1417,1417,45,176,450.4717712,289.2044983,289.2045024,FALSE,TRUE,FALSE,TRUE
cloneB,2,4,2,1311,513.025,0.564192115,289.4446599,0.391323417,FALSE,FALSE,A1,5931,5931,20,240,143.6103363,132.8361053,132.8361081,FALSE,TRUE,FALSE,TRUE
cloneA,1,4,3,1219,316.408,0.496680108,157.1535597,0.259563577,FALSE,FALSE,A1,1760,1760,39,214,303.2902527,156.5107727,156.5107749,FALSE,TRUE,FALSE,TRUE
cloneB,2,4,3,1219,316.408,0.496680108,157.1535597,0.259563577,FALSE,FALSE,A1,6515,6515,5,255,59.57361221,45.03217697,45.03217772,FALSE,TRUE,FALSE,TRUE
cloneA,1,4,4,1656,871.95,0.658243339,573.9552793,0.526539855,FALSE,FALSE,A1,1230,1230,80,158,699.3121948,428.8816528,428.881642,FALSE,TRUE,FALSE,TRUE
cloneB,2,4,4,1656,871.95,0.658243339,573.9552793,0.526539855,FALSE,FALSE,A1,3516,3516,29,165,157.6437988,124.7152405,124.7152441,FALSE,TRUE,FALSE,TRUE
cloneA,1,4,5,1495,702.706,0.817628397,574.5523803,0.470037458,FALSE,FALSE,A1,1230,1230,80,158,699.3121948,428.8816528,428.881642,FALSE,TRUE,FALSE,TRUE
cloneB,2,4,5,1495,702.706,0.817628397,574.5523803,0.470037458,FALSE,FALSE,A1,923,923,49,34,299.3524475,67.60063171,67.60063054,FALSE,TRUE,FALSE,TRUE
cloneA,1,4,6,1587,834.639,0.308581491,257.5541468,0.525922495,FALSE,FALSE,A1,1679,1679,36,205,386.3908386,257.0051575,257.0051475,FALSE,TRUE,FALSE,TRUE
cloneB,2,4,6,1587,834.639,0.308581491,257.5541468,0.525922495,FALSE,FALSE,A1,1999,1999,6,89,35.65706635,32.66423416,32.66423388,FALSE,TRUE,FALSE,TRUE
cloneA,1,4,7,1725,855.568,0.509369844,435.8005387,0.495981449,FALSE,FALSE,A1,1230,1230,80,158,699.3121948,428.8816528,428.881642,FALSE,TRUE,FALSE,TRUE
cloneB,2,4,7,1725,855.568,0.509369844,435.8005387,0.495981449,FALSE,FALSE,A1,3676,3676,19,171,183.0992737,122.5695877,122.5695873,FALSE,TRUE,FALSE,TRUE
cloneA,1,4,8,2415,503.517,0.505795067,254.6764146,0.208495652,FALSE,FALSE,A1,1473,1473,71,184,283.3168335,254.8101196,254.8101174,FALSE,TRUE,FALSE,TRUE
cloneB,2,4,8,2415,503.517,0.505795067,254.6764146,0.208495652,FALSE,FALSE,A1,6495,6495,7,255,108.1575928,54.4325943,54.43259455,FALSE,TRUE,FALSE,TRUE
cloneA,1,4,9,2438,1176.674,0.320351,376.9486928,0.482639048,TRUE,FALSE,A1,1144,1144,101,149,493.4305115,374.3514709,374.3514736,FALSE,TRUE,FALSE,TRUE
cloneB,2,4,9,2438,1176.674,0.320351,376.9486928,0.482639048,TRUE,FALSE,A1,152,152,7,4,193.1373749,94.66114807,94.66115007,FALSE,TRUE,FALSE,TRUE
cloneA,1,4,10,1886,774.832,0.530973059,411.4149171,0.41083351,FALSE,FALSE,A1,885,885,110,121,468.0360107,418.9890747,418.9890644,FALSE,TRUE,FALSE,TRUE
cloneB,2,4,10,1886,774.832,0.530973059,411.4149171,0.41083351,FALSE,FALSE,A1,4276,4276,26,192,226.969101,38.72686386,38.72686272,FALSE,TRUE,FALSE,TRUE
cloneA,1,4,11,2162,992.601,0.434706335,431.4899424,0.459112396,FALSE,FALSE,A1,1230,1230,80,158,699.3121948,428.8816528,428.881642,FALSE,TRUE,FALSE,TRUE
cloneB,2,4,11,2162,992.601,0.434706335,431.4899424,0.459112396,FALSE,FALSE,A1,6298,6298,9,249,167.569931,60.18392181,60.18392103,FALSE,TRUE,FALSE,TRUE
cloneA,1,4,12,391,186.532,0.603688278,112.6071819,0.477063939,TRUE,FALSE,A1,1818,1818,25,223,145.1620636,113.4540329,113.4540307,FALSE,TRUE,FALSE,TRUE
cloneB,2,4,12,391,186.532,0.603688278,112.6071819,0.477063939,TRUE,FALSE,A1,4859,4859,26,210,180.9091797,119.6839066,119.6839097,FALSE,TRUE,FALSE,TRUE
cloneA,1,4,13,391,178.361,0.146025477,26.04525003,0.45616624,TRUE,FALSE,A1,1790,1790,4,218,38.75410843,26.08480644,26.08480738,FALSE,TRUE,FALSE,TRUE
cloneB,2,4,13,391,178.361,0.146025477,26.04525003,0.45616624,TRUE,FALSE,A1,1760,1760,45,73,280.3467407,53.2070961,53.20709732,FALSE,TRUE,FALSE,TRUE
cloneA,1,4,14,2254,965.399,0.501264668,483.9204088,0.428304791,TRUE,FALSE,A1,1230,1230,80,158,699.3121948,428.8816528,428.881642,FALSE,TRUE,FALSE,TRUE
cloneB,2,4,14,2254,965.399,0.501264668,483.9204088,0.428304791,TRUE,FALSE,A1,3310,3310,47,157,279.8130798,130.9967194,130.9967132,FALSE,TRUE,FALSE,TRUE
cloneA,1,4,15,1403,778.39,0.545418273,424.5481295,0.554803991,FALSE,FALSE,A1,1161,1161,31,151,549.7615967,427.7492981,427.749289,FALSE,TRUE,FALSE,TRUE
cloneB,2,4,15,1403,778.39,0.545418273,424.5481295,0.554803991,FALSE,FALSE,A1,3626,3626,44,169,400.2655945,145.8015747,145.8015707,FALSE,TRUE,FALSE,TRUE
cloneA,1,4,16,667,352.838,0.237955382,83.95970102,0.528992504,TRUE,FALSE,A1,1430,1430,6,186,124.7767181,83.94595337,45.89092196,FALSE,TRUE,FALSE,TRUE
cloneB,2,4,16,667,352.838,0.237955382,83.95970102,0.528992504,TRUE,FALSE,A1,3381,3381,19,160,75.2337265,31.00046921,31.00046941,FALSE,TRUE,FALSE,TRUE
cloneA,1,4,17,667,272.739,0.685905421,187.0731586,0.408904048,TRUE,FALSE,A1,1285,1285,19,163,199.5624237,187.1869812,187.1869746,FALSE,TRUE,FALSE,TRUE
cloneB,2,4,17,667,272.739,0.685905421,187.0731586,0.408904048,TRUE,FALSE,A1,4389,4389,32,195,204.1862335,88.94195557,88.9419545,FALSE,TRUE,FALSE,TRUE
cloneA,1,4,18,2024,970.779,0.569666573,553.0203459,0.479633893,FALSE,FALSE,A1,1230,1230,80,158,699.3121948,428.8816528,428.881642,FALSE,TRUE,FALSE,TRUE
cloneB,2,4,18,2024,970.779,0.569666573,553.0203459,0.479633893,FALSE,FALSE,A1,6171,6171,5,246,49.65460587,47.28868103,47.28867966,FALSE,TRUE,FALSE,TRUE
cloneA,1,4,19,1541,835.371,0.445430242,372.0995064,0.54209669,FALSE,FALSE,A1,1144,1144,101,149,493.4305115,374.3514709,374.3514736,FALSE,TRUE,FALSE,TRUE
cloneB,2,4,19,1541,835.371,0.445430242,372.0995064,0.54209669,FALSE,FALSE,A1,4348,4348,25,193,251.7965546,97.27817535,97.27817519,FALSE,TRUE,FALSE,TRUE
cloneA,1,4,20,782,437.449,0.246301579,107.7443796,0.559397698,TRUE,FALSE,A1,694,694,18,95,181.8860321,107.5923386,107.5923364,FALSE,TRUE,FALSE,TRUE
cloneA,1,4,21,782,389.749,0.050891789,19.8350238,0.498400256,TRUE,FALSE,A1,44,44,34,3,342.7573853,19.84973335,19.84973394,FALSE,TRUE,FALSE,TRUE
cloneA,1,4,22,253,111.955,0.902557154,101.0457861,0.442509881,FALSE,FALSE,A1,1946,1946,17,237,120.1980743,101.0576553,101.057654,FALSE,TRUE,FALSE,TRUE
cloneA,1,4,23,253,83.49,0.789906133,65.94926306,0.33,FALSE,FALSE,A1,372,372,4,56,66.47885132,66.41558075,66.41557852,FALSE,TRUE,FALSE,TRUE
cloneA,1,5,1,1104,568.971,0.559759329,318.4868252,0.515372283,TRUE,FALSE,A1,1241,1241,38,160,366.4320984,317.5777283,317.5777425,FALSE,TRUE,FALSE,TRUE
cloneB,2,5,1,1104,568.971,0.559759329,318.4868252,0.515372283,TRUE,FALSE,A1,3789,3789,7,176,31.07419586,14.42707062,14.42707063,FALSE,TRUE,FALSE,TRUE
cloneA,1,5,2,2576,1005.48,0.163378994,164.2743113,0.390326087,FALSE,FALSE,A1,1840,1840,39,226,200.1219635,164.5087891,164.5087904,FALSE,TRUE,FALSE,TRUE
cloneB,2,5,2,2576,1005.48,0.163378994,164.2743113,0.390326087,FALSE,FALSE,A1,1444,1444,35,56,262.3966675,236.3994904,236.399496,FALSE,TRUE,FALSE,TRUE
cloneA,1,5,3,2346,1019.837,0.199633971,203.5941105,0.434713129,FALSE,FALSE,A1,997,997,35,132,316.3647766,202.3176727,202.3176686,FALSE,TRUE,FALSE,TRUE
cloneB,2,5,3,2346,1019.837,0.199633971,203.5941105,0.434713129,FALSE,FALSE,A1,3972,3972,56,183,396.836853,282.8839722,282.883961,FALSE,TRUE,FALSE,TRUE
cloneA,1,5,4,2346,558.373,0.334606302,186.8351249,0.238010656,TRUE,FALSE,A1,676,676,28,93,207.078186,186.7942505,186.7942516,FALSE,TRUE,FALSE,TRUE
cloneB,2,5,4,2346,558.373,0.334606302,186.8351249,0.238010656,TRUE,FALSE,A1,5690,5690,30,234,140.2507019,68.72034454,68.72034542,FALSE,TRUE,FALSE,TRUE
cloneA,1,5,5,2346,730.982,0.445960009,325.9887393,0.31158653,TRUE,FALSE,A1,1392,1392,55,174,686.3935547,326.684967,326.6849763,FALSE,TRUE,FALSE,TRUE
cloneB,2,5,5,2346,730.982,0.445960009,325.9887393,0.31158653,TRUE,FALSE,A1,4506,4506,43,198,253.0079193,140.5182343,140.5182288,FALSE,TRUE,FALSE,TRUE
cloneA,1,5,6,2576,1019.776,0.203753487,207.7829161,0.395875776,TRUE,FALSE,A1,384,384,34,58,314.9540405,207.5753784,207.5753776,FALSE,TRUE,FALSE,TRUE
cloneB,2,5,6,2576,1019.776,0.203753487,207.7829161,0.395875776,TRUE,FALSE,A1,2606,2606,3,124,19.55090332,10.53136444,10.53136447,FALSE,TRUE,FALSE,TRUE
cloneA,1,5,7,2576,790.942,0.059423345,47.00041908,0.307042702,TRUE,FALSE,A1,317,317,9,48,72.72235107,46.99850464,46.9985034,FALSE,TRUE,FALSE,TRUE
cloneB,2,5,7,2576,790.942,0.059423345,47.00041908,0.307042702,TRUE,FALSE,A1,2710,2710,45,128,281.2084351,46.60715103,46.60715081,FALSE,TRUE,FALSE,TRUE
cloneA,1,6,1,805,318.356,0.302192297,96.20473096,0.395473292,TRUE,FALSE,A1,2063,2063,6,250,98.56898499,96.42192078,96.4219233,FALSE,TRUE,FALSE,TRUE
cloneB,2,6,1,805,318.356,0.302192297,96.20473096,0.395473292,TRUE,FALSE,A1,2,2,1,1,0,0,0,TRUE,FALSE,TRUE,TRUE
cloneA,1,6,2,3243,1020.787,0.39295741,401.1258162,0.314766266,FALSE,FALSE,A1,885,885,110,121,468.0360107,418.9890747,418.9890644,FALSE,TRUE,FALSE,TRUE
cloneB,2,6,2,3243,1020.787,0.39295741,401.1258162,0.314766266,FALSE,FALSE,A1,6515,6515,5,255,59.57361221,45.03217697,45.03217772,FALSE,TRUE,FALSE,TRUE
cloneA,1,6,3,2024,773.692,0.411188962,318.1336103,0.382258893,FALSE,FALSE,A1,1241,1241,38,160,366.4320984,317.5777283,317.5777425,FALSE,TRUE,FALSE,TRUE
cloneB,2,6,3,2024,773.692,0.411188962,318.1336103,0.382258893,FALSE,FALSE,A1,5301,5301,11,224,105.8868027,90.70438385,90.70438701,FALSE,TRUE,FALSE,TRUE
cloneA,1,6,4,2001,529.212,0.656874477,347.6258557,0.264473763,TRUE,FALSE,A1,845,845,43,117,437.1079407,338.8217163,338.821708,FALSE,TRUE,FALSE,TRUE
cloneB,2,6,4,2001,529.212,0.656874477,347.6258557,0.264473763,TRUE,FALSE,A1,4704,4704,13,205,102.7731018,86.29106903,86.29107243,FALSE,TRUE,FALSE,TRUE
cloneA,1,6,5,1978,522.176,0.775261318,404.8228541,0.263991911,FALSE,FALSE,A1,885,885,110,121,468.0360107,418.9890747,418.9890644,FALSE,TRUE,FALSE,TRUE
cloneB,2,6,5,1978,522.176,0.775261318,404.8228541,0.263991911,FALSE,FALSE,A1,40,40,31,2,278.8362427,81.65911865,73.89798361,FALSE,TRUE,FALSE,TRUE
cloneA,1,6,6,3174,998.128,0.301845158,301.2801035,0.314470069,FALSE,FALSE,A1,895,895,137,121,668.2682495,300.6270142,300.627008,FALSE,TRUE,FALSE,TRUE
cloneB,2,6,6,3174,998.128,0.301845158,301.2801035,0.314470069,FALSE,FALSE,A1,1974,1974,25,87,120.5133972,101.6376266,101.6376253,FALSE,TRUE,FALSE,TRUE
cloneA,1,6,7,3174,1057.96,0.252018045,266.6250105,0.333320731,FALSE,FALSE,A1,1271,1271,76,162,608.9274292,266.0681152,266.0681039,FALSE,TRUE,FALSE,TRUE
cloneB,2,6,7,3174,1057.96,0.252018045,266.6250105,0.333320731,FALSE,FALSE,A1,3310,3310,47,157,279.8130798,130.9967194,130.9967132,FALSE,TRUE,FALSE,TRUE
cloneA,1,7,1,943,364.176,0.554378548,201.8913621,0.386188759,TRUE,FALSE,A1,1255,1255,30,161,271.0300903,201.6960449,201.6960455,FALSE,TRUE,FALSE,TRUE
cloneB,2,7,1,943,364.176,0.554378548,201.8913621,0.386188759,TRUE,FALSE,A1,4420,4420,28,199,211.8499451,132.5644684,133.9503791,FALSE,TRUE,FALSE,TRUE
cloneA,1,7,2,1748,662.202,0.1956545,129.5628014,0.378834096,FALSE,FALSE,A1,782,782,25,108,156.5482483,129.6936646,129.6936615,FALSE,TRUE,FALSE,TRUE
cloneB,2,7,2,1748,662.202,0.1956545,129.5628014,0.378834096,FALSE,FALSE,A1,2135,2135,76,97,435.0082703,276.0840454,276.0840302,FALSE,TRUE,FALSE,TRUE
cloneA,1,7,3,3197,1255.817,0.11060965,138.9054787,0.392811073,FALSE,FALSE,A1,1618,1618,32,199,229.7579346,139.6580353,139.6580288,FALSE,TRUE,FALSE,TRUE
cloneB,2,7,3,3197,1255.817,0.11060965,138.9054787,0.392811073,FALSE,FALSE,A1,1777,1777,15,74,248.221405,53.68166351,53.68166299,FALSE,TRUE,FALSE,TRUE
cloneA,1,7,4,3312,865.998,0.258653641,223.9935358,0.261472826,FALSE,FALSE,A1,644,644,28,88,245.3018494,222.5031891,222.5031894,FALSE,TRUE,FALSE,TRUE
cloneB,2,7,4,3312,865.998,0.258653641,223.9935358,0.261472826,FALSE,FALSE,A1,1870,1870,91,80,683.6085205,371.2522583,371.2522566,FALSE,TRUE,FALSE,TRUE
cloneA,1,7,5,3312,991.377,0.314794801,312.0803256,0.299328804,FALSE,FALSE,A1,1538,1538,74,191,353.3253479,307.7530518,307.753041,FALSE,TRUE,FALSE,TRUE
cloneB,2,7,5,3312,991.377,0.314794801,312.0803256,0.299328804,FALSE,FALSE,A1,4286,4286,57,192,506.3671875,343.1891479,343.1891396,FALSE,TRUE,FALSE,TRUE
cloneA,1,7,6,1863,840.677,0.705621618,593.1998651,0.451249061,FALSE,FALSE,A1,1230,1230,80,158,699.3121948,428.8816528,428.881642,FALSE,TRUE,FALSE,TRUE
cloneB,2,7,6,1863,840.677,0.705621618,593.1998651,0.451249061,FALSE,FALSE,A1,3166,3166,3,151,97.16355896,77.29869843,77.29869752,FALSE,TRUE,FALSE,TRUE
cloneA,1,7,7,1886,793.849,0.142716556,113.2953953,0.420916755,TRUE,FALSE,A1,1818,1818,25,223,145.1620636,113.4540329,113.4540307,FALSE,TRUE,FALSE,TRUE
cloneB,2,7,7,1886,793.849,0.142716556,113.2953953,0.420916755,TRUE,FALSE,A1,1870,1870,91,80,683.6085205,371.2522583,371.2522566,FALSE,TRUE,FALSE,TRUE
cloneA,1,8,1,1426,621.935,0.284133882,176.7128057,0.436139551,TRUE,FALSE,A1,1236,1236,47,159,335.3482666,176.2058868,176.2058921,FALSE,TRUE,FALSE,TRUE
cloneB,2,8,1,1426,621.935,0.284133882,176.7128057,0.436139551,TRUE,FALSE,A1,2310,2310,26,109,111.1399231,102.6263199,102.6263236,FALSE,TRUE,FALSE,TRUE
cloneA,1,8,2,1863,858.824,0.071227827,61.17216727,0.460989801,FALSE,FALSE,A1,765,765,24,105,139.3700562,61.35235214,61.35235262,FALSE,TRUE,FALSE,TRUE
cloneB,2,8,2,1863,858.824,0.071227827,61.17216727,0.460989801,FALSE,FALSE,A1,6339,6339,6,251,47.45392227,38.02405167,38.0240518,FALSE,TRUE,FALSE,TRUE
cloneA,1,8,3,1863,573.444,0.126498288,72.53968431,0.307806763,FALSE,FALSE,A1,1102,1102,5,144,73.33714294,72.3561554,72.35615164,FALSE,TRUE,FALSE,TRUE
cloneB,2,8,3,1863,573.444,0.126498288,72.53968431,0.307806763,FALSE,FALSE,A1,2135,2135,76,97,435.0082703,276.0840454,276.0840302,FALSE,TRUE,FALSE,TRUE
cloneA,1,8,4,1725,504.663,0.347856003,175.550054,0.292558261,FALSE,FALSE,A1,1236,1236,47,159,335.3482666,176.2058868,176.2058921,FALSE,TRUE,FALSE,TRUE
cloneB,2,8,4,1725,504.663,0.347856003,175.550054,0.292558261,FALSE,FALSE,A1,1899,1899,10,83,72.73157501,57.32216644,57.32216516,FALSE,TRUE,FALSE,TRUE
cloneA,1,8,5,2737,1009.013,0.138677491,139.9273909,0.368656558,TRUE,FALSE,A1,1618,1618,32,199,229.7579346,139.6580353,139.6580288,FALSE,TRUE,FALSE,TRUE
cloneB,2,8,5,2737,1009.013,0.138677491,139.9273909,0.368656558,TRUE,FALSE,A1,4914,4914,47,212,361.3531189,201.502655,201.5026605,FALSE,TRUE,FALSE,TRUE
cloneA,1,8,6,2714,822.914,0.434128345,357.2502929,0.303210759,FALSE,FALSE,A1,525,525,77,74,680.6998901,365.577301,365.5773103,FALSE,TRUE,FALSE,TRUE
cloneB,2,8,6,2714,822.914,0.434128345,357.2502929,0.303210759,FALSE,FALSE,A1,3960,3960,76,183,486.0917664,153.1083527,153.1083589,FALSE,TRUE,FALSE,TRUE
cloneA,1,8,7,2553,904.38,0.262180449,237.1107542,0.354242068,FALSE,FALSE,A1,1445,1445,72,179,573.78479,237.7076721,237.7076684,FALSE,TRUE,FALSE,TRUE
cloneB,2,8,7,2553,904.38,0.262180449,237.1107542,0.354242068,FALSE,FALSE,A1,1745,1745,11,72,170.5019073,158.7362976,158.7362917,FALSE,TRUE,FALSE,TRUE
cloneA,1,8,8,161,25.373,0.743942381,18.87605004,0.157596273,TRUE,FALSE,A1,1775,1775,3,216,19.00599098,18.87475204,18.87475215,FALSE,TRUE,FALSE,TRUE
cloneA,1,8,9,138,20.658,0.397506315,8.211685454,0.149695652,FALSE,FALSE,A1,1351,1351,18,169,32.16281891,8.203350067,8.203349633,FALSE,TRUE,FALSE,TRUE
cloneA,1,9,1,1219,527.543,0.607200201,320.3242156,0.432767022,TRUE,FALSE,A1,843,843,42,116,446.1505127,320.3253479,320.3253535,FALSE,TRUE,FALSE,TRUE
cloneB,2,9,1,1219,527.543,0.607200201,320.3242156,0.432767022,TRUE,FALSE,A1,3808,3808,13,177,68.66748047,40.50542068,40.50541919,FALSE,TRUE,FALSE,TRUE
cloneA,1,9,2,2024,1114.189,0.447846871,498.9860573,0.550488636,FALSE,FALSE,A1,1230,1230,80,158,699.3121948,428.8816528,428.881642,FALSE,TRUE,FALSE,TRUE
cloneB,2,9,2,2024,1114.189,0.447846871,498.9860573,0.550488636,FALSE,FALSE,A1,2086,2086,110,94,649.0081177,246.4599457,246.4599513,FALSE,TRUE,FALSE,TRUE
cloneA,1,9,3,1334,838.307,0.523836503,439.1358077,0.628416042,FALSE,FALSE,A1,1230,1230,80,158,699.3121948,428.8816528,428.881642,FALSE,TRUE,FALSE,TRUE
cloneB,2,9,3,1334,838.307,0.523836503,439.1358077,0.628416042,FALSE,FALSE,A1,40,40,31,2,278.8362427,81.65911865,73.89798361,FALSE,TRUE,FALSE,TRUE
cloneA,1,9,4,1541,829.826,0.462713719,383.971875,0.538498378,FALSE,FALSE,A1,1144,1144,101,149,493.4305115,374.3514709,374.3514736,FALSE,TRUE,FALSE,TRUE
cloneB,2,9,4,1541,829.826,0.462713719,383.971875,0.538498378,FALSE,FALSE,A1,4162,4162,47,189,399.3024597,261.8253784,261.8253823,FALSE,TRUE,FALSE,TRUE
cloneA,1,9,5,3473,1456.22,0.284054367,413.6456503,0.419297437,TRUE,FALSE,A1,885,885,110,121,468.0360107,418.9890747,418.9890644,FALSE,TRUE,FALSE,TRUE
cloneB,2,9,5,3473,1456.22,0.284054367,413.6456503,0.419297437,TRUE,FALSE,A1,6228,6228,3,247,26.17907715,25.64987183,25.64987248,FALSE,TRUE,FALSE,TRUE
cloneA,1,9,6,1886,964.192,0.226338767,218.2340285,0.511236479,FALSE,FALSE,A1,1744,1744,19,213,220.9429474,218.1969604,218.196954,FALSE,TRUE,FALSE,TRUE
cloneB,2,9,6,1886,964.192,0.226338767,218.2340285,0.511236479,FALSE,FALSE,A1,2575,2575,8,122,144.5131226,76.55847931,76.55847901,FALSE,TRUE,FALSE,TRUE
cloneA,1,9,7,1909,493.424,0.746714804,368.4470053,0.258472499,TRUE,FALSE,A1,525,525,77,74,680.6998901,365.577301,365.5773103,FALSE,TRUE,FALSE,TRUE
cloneB,2,9,7,1909,493.424,0.746714804,368.4470053,0.258472499,TRUE,FALSE,A1,3972,3972,56,183,396.836853,282.8839722,282.883961,FALSE,TRUE,FALSE,TRUE
cloneA,1,10,1,1357,477.113,0.275642126,131.5124418,0.351593957,TRUE,FALSE,A1,7,7,58,1,342.2861938,131.2352142,131.2352166,TRUE,FALSE,FALSE,TRUE
cloneA,1,10,2,598,333.869,0.678474345,226.5215511,0.558309365,FALSE,FALSE,A1,1454,1454,79,181,509.0367737,226.2994843,226.2994796,FALSE,TRUE,FALSE,TRUE
cloneA,1,10,3,1886,708.876,0.175592242,124.4731258,0.375862142,FALSE,FALSE,A1,1171,1171,46,152,244.1081085,124.5585861,124.5585858,FALSE,TRUE,FALSE,TRUE
cloneA,1,10,4,1058,351.872,0.353138666,124.2596085,0.332582231,FALSE,FALSE,A1,1260,1260,87,161,515.7254639,124.0342255,124.0342268,FALSE,TRUE,FALSE,TRUE
cloneA,1,10,5,2714,1128.75,0.404739336,456.8495251,0.415899042,FALSE,FALSE,A1,1230,1230,80,158,699.3121948,428.8816528,428.881642,FALSE,TRUE,FALSE,TRUE
cloneA,1,10,6,46,15.923,0.988180873,15.73480403,0.346152174,TRUE,FALSE,A1,309,309,4,47,20.73918152,15.74521065,15.74521047,FALSE,TRUE,FALSE,TRUE
cloneA,1,10,7,46,37.654,0.998497479,37.59742409,0.818565217,TRUE,FALSE,A1,710,710,2,97,37.61256027,37.61256027,37.61256198,FALSE,TRUE,FALSE,TRUE
cloneA,1,1,1,1012,236.924,0.311660946,73.83995802,0.234114625,TRUE,FALSE,B2,2162,2162,2,261,6.777081966,6.777081966,6.777081795,FALSE,TRUE,FALSE,TRUE
cloneB,2,1,1,1012,236.924,0.311660946,73.83995802,0.234114625,TRUE,FALSE,B2,4283,4283,9,192,81.52509308,73.9019165,73.90191832,FALSE,TRUE,FALSE,TRUE
cloneA,1,1,2,2806,882.721,0.126578396,111.7334087,0.314583393,FALSE,FALSE,B2,1157,1157,13,151,129.8737793,128.1078949,128.1079002,FALSE,TRUE,FALSE,TRUE
cloneB,2,1,2,2806,882.721,0.126578396,111.7334087,0.314583393,FALSE,FALSE,B2,5637,5637,24,232,186.8978577,111.3200989,111.3201013,FALSE,TRUE,FALSE,TRUE
cloneA,1,1,3,2093,533.167,0.034439415,18.36195984,0.254738175,FALSE,FALSE,B2,845,845,43,117,437.1079407,338.8217163,338.821708,FALSE,TRUE,FALSE,TRUE
cloneB,2,1,3,2093,533.167,0.034439415,18.36195984,0.254738175,FALSE,FALSE,B2,76,76,5,2,23.70006752,18.35626984,18.35627002,FALSE,TRUE,FALSE,TRUE
cloneA,1,1,4,2185,573.452,0.440855359,252.8093875,0.262449428,TRUE,FALSE,B2,1911,1911,30,234,132.5326538,128.9356995,128.9357048,FALSE,TRUE,FALSE,TRUE
cloneB,2,1,4,2185,573.452,0.440855359,252.8093875,0.262449428,TRUE,FALSE,B2,2086,2086,110,94,649.0081177,246.4599457,246.4599513,FALSE,TRUE,FALSE,TRUE
cloneA,1,1,5,2185,620.73,0.235362988,146.0968674,0.284086957,TRUE,FALSE,B2,2017,2017,9,245,103.3411942,92.5149765,92.51497722,FALSE,TRUE,FALSE,TRUE
cloneB,2,1,5,2185,620.73,0.235362988,146.0968674,0.284086957,TRUE,FALSE,B2,3626,3626,44,169,400.2655945,145.8015747,145.8015707,FALSE,TRUE,FALSE,TRUE
cloneB,2,1,6,2254,568.795,0.431263137,245.3003159,0.252349157,FALSE,FALSE,B2,3138,3138,25,149,301.4174805,244.8048096,244.8048102,FALSE,TRUE,FALSE,TRUE
cloneA,1,1,7,2898,595.706,0.073436091,43.7463199,0.205557626,TRUE,FALSE,B2,945,945,9,127,203.5081024,191.4057159,191.4057206,FALSE,TRUE,FALSE,TRUE
cloneB,2,1,7,2898,595.706,0.073436091,43.7463199,0.205557626,TRUE,FALSE,B2,3039,3039,13,144,94.05835724,43.73572922,43.73572947,FALSE,TRUE,FALSE,TRUE
cloneA,1,1,8,621,150.635,0.585714506,88.22910461,0.242568438,TRUE,FALSE,B2,1308,1308,89,165,316.1058655,120.4623413,120.462338,FALSE,TRUE,FALSE,TRUE
cloneB,2,1,8,621,150.635,0.585714506,88.22910461,0.242568438,TRUE,FALSE,B2,3273,3273,63,155,523.2036133,88.23912811,88.23912747,FALSE,TRUE,FALSE,TRUE
cloneA,1,1,9,598,129.251,0.45011819,58.17822617,0.216138796,FALSE,FALSE,B2,1230,1230,80,158,699.3121948,428.8816528,428.881642,FALSE,TRUE,FALSE,TRUE
cloneB,2,1,9,598,129.251,0.45011819,58.17822617,0.216138796,FALSE,FALSE,B2,6337,6337,7,251,132.4206696,58.16959763,58.1695985,FALSE,TRUE,FALSE,TRUE
cloneA,1,2,1,1449,237.236,0.141913889,33.66708333,0.163723948,TRUE,FALSE,B2,1454,1454,79,181,509.0367737,226.2994843,226.2994796,FALSE,TRUE,FALSE,TRUE
cloneB,2,2,1,1449,237.236,0.141913889,33.66708333,0.163723948,TRUE,FALSE,B2,3410,3410,5,161,43.19910431,33.70290375,33.70290319,FALSE,TRUE,FALSE,TRUE
cloneA,1,2,2,1380,400.391,0.196547303,78.69577117,0.290138406,FALSE,FALSE,B2,1230,1230,80,158,699.3121948,428.8816528,428.881642,FALSE,TRUE,FALSE,TRUE
cloneB,2,2,2,1380,400.391,0.196547303,78.69577117,0.290138406,FALSE,FALSE,B2,4263,4263,27,192,168.5236816,78.75774384,78.7577401,FALSE,TRUE,FALSE,TRUE
cloneA,1,2,3,2185,669.681,0.074319837,49.77058266,0.30649016,FALSE,FALSE,B2,1762,1762,50,215,372.2729797,288.5961304,288.596118,FALSE,TRUE,FALSE,TRUE
cloneB,2,2,3,2185,669.681,0.074319837,49.77058266,0.30649016,FALSE,FALSE,B2,5224,5224,8,221,71.1572876,49.77447891,49.7744788,FALSE,TRUE,FALSE,TRUE
cloneA,1,2,4,2438,607.918,0.251664029,152.9910932,0.249351107,FALSE,FALSE,B2,932,932,134,126,426.7359314,194.2303619,194.2303585,FALSE,TRUE,FALSE,TRUE
cloneB,2,2,4,2438,607.918,0.251664029,152.9910932,0.249351107,FALSE,FALSE,B2,3960,3960,76,183,486.0917664,153.1083527,153.1083589,FALSE,TRUE,FALSE,TRUE
cloneA,1,2,5,3105,638.444,0.109170619,69.69932638,0.205618035,FALSE,FALSE,B2,1230,1230,80,158,699.3121948,428.8816528,428.881642,FALSE,TRUE,FALSE,TRUE
cloneB,2,2,5,3105,638.444,0.109170619,69.69932638,0.205618035,FALSE,FALSE,B2,3111,3111,38,148,167.8438416,69.78352356,69.78352196,FALSE,TRUE,FALSE,TRUE
cloneA,1,2,6,1242,289.27,0.412794585,119.4090897,0.232906602,FALSE,FALSE,B2,766,766,59,105,487.6856995,251.5574188,251.5574216,FALSE,TRUE,FALSE,TRUE
cloneB,2,2,6,1242,289.27,0.412794585,119.4090897,0.232906602,FALSE,FALSE,B2,4859,4859,26,210,180.9091797,119.6839066,119.6839097,FALSE,TRUE,FALSE,TRUE
cloneA,1,2,7,1081,315.438,0.650568047,205.2138835,0.291802035,FALSE,FALSE,B2,1144,1144,101,149,493.4305115,374.3514709,374.3514736,FALSE,TRUE,FALSE,TRUE
cloneB,2,2,7,1081,315.438,0.650568047,205.2138835,0.291802035,FALSE,FALSE,B2,3219,3219,60,153,513.0286255,205.0753021,205.0753056,FALSE,TRUE,FALSE,TRUE
cloneA,1,2,8,690,238.344,0.901371703,214.8365371,0.345426087,FALSE,FALSE,B2,1230,1230,80,158,699.3121948,428.8816528,428.881642,FALSE,TRUE,FALSE,TRUE
cloneB,2,2,8,690,238.344,0.901371703,214.8365371,0.345426087,FALSE,FALSE,B2,556,556,36,19,323.6811218,211.6045837,211.6045912,FALSE,TRUE,FALSE,TRUE
cloneA,1,2,9,713,184.837,0.397694451,73.50864932,0.259238429,TRUE,FALSE,B2,845,845,43,117,437.1079407,338.8217163,338.821708,FALSE,TRUE,FALSE,TRUE
cloneB,2,2,9,713,184.837,0.397694451,73.50864932,0.259238429,TRUE,FALSE,B2,33,33,35,1,184.5772705,73.58398438,73.58398412,TRUE,FALSE,FALSE,TRUE
cloneB,2,2,10,23,5.494,1.000074358,5.494408521,0.238869565,FALSE,FALSE,B2,3032,3032,2,143,5.496679783,5.496679783,5.496679577,FALSE,TRUE,FALSE,TRUE
cloneA,1,2,11,23,13.554,1.000003835,13.55405198,0.589304348,FALSE,FALSE,B2,2112,2112,7,255,62.04230881,45.79214478,45.79214533,FALSE,TRUE,FALSE,TRUE
cloneB,2,2,11,23,13.554,1.000003835,13.55405198,0.589304348,FALSE,FALSE,B2,4128,4128,2,188,13.54548168,13.54548168,13.54548214,FALSE,TRUE,FALSE,TRUE
cloneA,1,2,12,1081,246.985,0.712154947,175.8915897,0.228478261,FALSE,FALSE,B2,1079,1079,42,141,320.3034668,238.8103485,238.8103551,FALSE,TRUE,FALSE,TRUE
cloneB,2,2,12,1081,246.985,0.712154947,175.8915897,0.228478261,FALSE,FALSE,B2,2077,2077,57,94,332.2823181,177.2574005,177.2574051,FALSE,TRUE,FALSE,TRUE
cloneB,2,2,13,1081,303.637,0.746452149,226.6504912,0.280885291,FALSE,FALSE,B2,2774,2774,53,131,330.4710388,229.4435425,229.4435468,FALSE,TRUE,FALSE,TRUE
cloneB,2,2,14,1265,385.837,0.320460219,123.6454095,0.305009486,TRUE,FALSE,B2,2688,2688,32,128,347.2684631,123.3751831,123.3751813,FALSE,TRUE,FALSE,TRUE
cloneB,2,2,15,1265,448.364,0.060344582,27.05633798,0.354437945,TRUE,FALSE,B2,3352,3352,8,159,30.61066818,27.03955078,27.03955111,FALSE,TRUE,FALSE,TRUE
cloneA,1,3,1,2116,715.054,0.521624385,372.9896026,0.337927221,TRUE,FALSE,B2,845,845,43,117,437.1079407,338.8217163,338.821708,FALSE,TRUE,FALSE,TRUE
cloneB,2,3,1,2116,715.054,0.521624385,372.9896026,0.337927221,TRUE,FALSE,B2,1870,1870,91,80,683.6085205,371.2522583,371.2522566,FALSE,TRUE,FALSE,TRUE
cloneA,1,3,2,2001,310.422,0.409781507,127.205195,0.155133433,FALSE,FALSE,B2,1230,1230,80,158,699.3121948,428.8816528,428.881642,FALSE,TRUE,FALSE,TRUE
cloneB,2,3,2,2001,310.422,0.409781507,127.205195,0.155133433,FALSE,FALSE,B2,64,64,35,34,288.3204651,127.2245636,61.02961077,FALSE,TRUE,FALSE,TRUE
cloneA,1,3,3,2300,534.598,0.386031872,206.3718665,0.232433913,FALSE,FALSE,B2,2000,2000,5,246,41.46365356,25.47794342,26.88120516,FALSE,TRUE,FALSE,TRUE
cloneB,2,3,3,2300,534.598,0.386031872,206.3718665,0.232433913,FALSE,FALSE,B2,2937,2937,94,139,366.0965576,205.6681671,205.6681745,FALSE,TRUE,FALSE,TRUE
cloneA,1,3,4,1886,316.44,0.055983631,17.71546017,0.167783669,TRUE,FALSE,B2,525,525,77,74,680.6998901,365.577301,365.5773103,FALSE,TRUE,FALSE,TRUE
cloneB,2,3,4,1886,316.44,0.055983631,17.71546017,0.167783669,TRUE,FALSE,B2,5515,5515,6,228,23.80255127,17.73641205,17.73641124,FALSE,TRUE,FALSE,TRUE
cloneA,1,3,5,736,148.675,0.050984932,7.580184694,0.202004076,FALSE,FALSE,B2,1840,1840,39,226,200.1219635,164.5087891,164.5087904,FALSE,TRUE,FALSE,TRUE
cloneB,2,3,5,736,148.675,0.050984932,7.580184694,0.202004076,FALSE,FALSE,B2,3782,3782,6,176,68.30274963,7.580969334,7.580969346,FALSE,TRUE,FALSE,TRUE
cloneA,1,3,6,1587,169.952,0.612418839,104.0818065,0.107090107,TRUE,FALSE,B2,845,845,43,117,437.1079407,338.8217163,338.821708,FALSE,TRUE,FALSE,TRUE
cloneB,2,3,6,1587,169.952,0.612418839,104.0818065,0.107090107,TRUE,FALSE,B2,1386,1386,38,53,210.0059357,103.9912643,103.9912619,FALSE,TRUE,FALSE,TRUE
cloneA,1,3,7,1587,292.777,0.18124736,53.06505835,0.184484562,TRUE,FALSE,B2,1760,1760,39,214,303.2902527,156.5107727,156.5107749,FALSE,TRUE,FALSE,TRUE
cloneB,2,3,7,1587,292.777,0.18124736,53.06505835,0.184484562,TRUE,FALSE,B2,4581,4581,5,200,54.48494339,53.03536987,53.03537161,FALSE,TRUE,FALSE,TRUE
cloneA,1,4,1,575,210.781,0.335060917,70.62447514,0.366575652,TRUE,FALSE,B2,1255,1255,30,161,271.0300903,201.6960449,201.6960455,FALSE,TRUE,FALSE,TRUE
cloneB,2,4,1,575,210.781,0.335060917,70.62447514,0.366575652,TRUE,FALSE,B2,1856,1856,14,79,116.7500076,70.68629456,70.68629353,FALSE,TRUE,FALSE,TRUE
cloneA,1,4,2,1426,393.661,0.337136003,132.7172963,0.276059607,FALSE,FALSE,B2,1417,1417,45,176,450.4717712,289.2044983,289.2045024,FALSE,TRUE,FALSE,TRUE
cloneB,2,4,2,1426,393.661,0.337136003,132.7172963,0.276059607,FALSE,FALSE,B2,5931,5931,20,240,143.6103363,132.8361053,132.8361081,FALSE,TRUE,FALSE,TRUE
cloneA,1,4,3,1288,318.255,0.141612498,45.0688857,0.247092391,FALSE,FALSE,B2,1760,1760,39,214,303.2902527,156.5107727,156.5107749,FALSE,TRUE,FALSE,TRUE
cloneB,2,4,3,1288,318.255,0.141612498,45.0688857,0.247092391,FALSE,FALSE,B2,6515,6515,5,255,59.57361221,45.03217697,45.03217772,FALSE,TRUE,FALSE,TRUE
cloneA,1,4,4,3105,627.598,0.199382355,125.1319675,0.20212496,FALSE,FALSE,B2,1230,1230,80,158,699.3121948,428.8816528,428.881642,FALSE,TRUE,FALSE,TRUE
cloneB,2,4,4,3105,627.598,0.199382355,125.1319675,0.20212496,FALSE,FALSE,B2,3516,3516,29,165,157.6437988,124.7152405,124.7152441,FALSE,TRUE,FALSE,TRUE
cloneA,1,4,5,2438,478.466,0.141730209,67.81308636,0.196253486,FALSE,FALSE,B2,1230,1230,80,158,699.3121948,428.8816528,428.881642,FALSE,TRUE,FALSE,TRUE
cloneB,2,4,5,2438,478.466,0.141730209,67.81308636,0.196253486,FALSE,FALSE,B2,923,923,49,34,299.3524475,67.60063171,67.60063054,FALSE,TRUE,FALSE,TRUE
cloneA,1,4,6,2392,486.147,0.067209553,32.67372244,0.203238712,FALSE,FALSE,B2,1679,1679,36,205,386.3908386,257.0051575,257.0051475,FALSE,TRUE,FALSE,TRUE
cloneB,2,4,6,2392,486.147,0.067209553,32.67372244,0.203238712,FALSE,FALSE,B2,1999,1999,6,89,35.65706635,32.66423416,32.66423388,FALSE,TRUE,FALSE,TRUE
cloneA,1,4,7,2484,425.734,0.287844465,122.5451755,0.171390499,FALSE,FALSE,B2,1230,1230,80,158,699.3121948,428.8816528,428.881642,FALSE,TRUE,FALSE,TRUE
cloneB,2,4,7,2484,425.734,0.287844465,122.5451755,0.171390499,FALSE,FALSE,B2,3676,3676,19,171,183.0992737,122.5695877,122.5695873,FALSE,TRUE,FALSE,TRUE
cloneA,1,4,8,874,162.645,0.334665494,54.43166935,0.186092677,TRUE,FALSE,B2,1473,1473,71,184,283.3168335,254.8101196,254.8101174,FALSE,TRUE,FALSE,TRUE
cloneB,2,4,8,874,162.645,0.334665494,54.43166935,0.186092677,TRUE,FALSE,B2,6495,6495,7,255,108.1575928,54.4325943,54.43259455,FALSE,TRUE,FALSE,TRUE
cloneA,1,4,9,874,153.361,0.61703336,94.62885305,0.175470252,TRUE,FALSE,B2,1144,1144,101,149,493.4305115,374.3514709,374.3514736,FALSE,TRUE,FALSE,TRUE
cloneB,2,4,9,874,153.361,0.61703336,94.62885305,0.175470252,TRUE,FALSE,B2,152,152,7,4,193.1373749,94.66114807,94.66115007,FALSE,TRUE,FALSE,TRUE
cloneA,1,4,10,1518,384.749,0.100583466,38.69938792,0.253457839,FALSE,FALSE,B2,885,885,110,121,468.0360107,418.9890747,418.9890644,FALSE,TRUE,FALSE,TRUE
cloneB,2,4,10,1518,384.749,0.100583466,38.69938792,0.253457839,FALSE,FALSE,B2,4276,4276,26,192,226.969101,38.72686386,38.72686272,FALSE,TRUE,FALSE,TRUE
cloneA,1,4,11,943,193.389,0.311470464,60.23496161,0.205078473,FALSE,FALSE,B2,1230,1230,80,158,699.3121948,428.8816528,428.881642,FALSE,TRUE,FALSE,TRUE
cloneB,2,4,11,943,193.389,0.311470464,60.23496161,0.205078473,FALSE,FALSE,B2,6298,6298,9,249,167.569931,60.18392181,60.18392103,FALSE,TRUE,FALSE,TRUE
cloneA,1,4,12,1127,295.647,0.404326851,119.5380205,0.262330967,FALSE,FALSE,B2,1818,1818,25,223,145.1620636,113.4540329,113.4540307,FALSE,TRUE,FALSE,TRUE
cloneB,2,4,12,1127,295.647,0.404326851,119.5380205,0.262330967,FALSE,FALSE,B2,4859,4859,26,210,180.9091797,119.6839066,119.6839097,FALSE,TRUE,FALSE,TRUE
cloneA,1,4,13,1725,424.611,0.125195884,53.15954971,0.246151304,TRUE,FALSE,B2,1790,1790,4,218,38.75410843,26.08480644,26.08480738,FALSE,TRUE,FALSE,TRUE
cloneB,2,4,13,1725,424.611,0.125195884,53.15954971,0.246151304,TRUE,FALSE,B2,1760,1760,45,73,280.3467407,53.2070961,53.20709732,FALSE,TRUE,FALSE,TRUE
cloneA,1,4,14,1610,451.702,0.291727319,131.7738134,0.280560248,FALSE,FALSE,B2,1230,1230,80,158,699.3121948,428.8816528,428.881642,FALSE,TRUE,FALSE,TRUE
cloneB,2,4,14,1610,451.702,0.291727319,131.7738134,0.280560248,FALSE,FALSE,B2,3310,3310,47,157,279.8130798,130.9967194,130.9967132,FALSE,TRUE,FALSE,TRUE
cloneA,1,4,15,1610,381.927,0.386199167,147.4998894,0.237221739,FALSE,FALSE,B2,1161,1161,31,151,549.7615967,427.7492981,427.749289,FALSE,TRUE,FALSE,TRUE
cloneB,2,4,15,1610,381.927,0.386199167,147.4998894,0.237221739,FALSE,FALSE,B2,3626,3626,44,169,400.2655945,145.8015747,145.8015707,FALSE,TRUE,FALSE,TRUE
cloneA,1,4,16,598,131.393,0.23571964,30.97191064,0.219720736,FALSE,FALSE,B2,1430,1430,6,186,124.7767181,83.94595337,45.89092196,FALSE,TRUE,FALSE,TRUE
cloneB,2,4,16,598,131.393,0.23571964,30.97191064,0.219720736,FALSE,FALSE,B2,3381,3381,19,160,75.2337265,31.00046921,31.00046941,FALSE,TRUE,FALSE,TRUE
cloneA,1,4,17,598,138.469,0.642930419,89.02593215,0.231553512,FALSE,FALSE,B2,1285,1285,19,163,199.5624237,187.1869812,187.1869746,FALSE,TRUE,FALSE,TRUE
cloneB,2,4,17,598,138.469,0.642930419,89.02593215,0.231553512,FALSE,FALSE,B2,4389,4389,32,195,204.1862335,88.94195557,88.9419545,FALSE,TRUE,FALSE,TRUE
cloneA,1,4,18,552,77.391,0.610638136,47.25789595,0.140201087,FALSE,FALSE,B2,1230,1230,80,158,699.3121948,428.8816528,428.881642,FALSE,TRUE,FALSE,TRUE
cloneB,2,4,18,552,77.391,0.610638136,47.25789595,0.140201087,FALSE,FALSE,B2,6171,6171,5,246,49.65460587,47.28868103,47.28867966,FALSE,TRUE,FALSE,TRUE
cloneA,1,4,19,552,140.48,0.689024574,96.79417212,0.254492754,FALSE,FALSE,B2,1144,1144,101,149,493.4305115,374.3514709,374.3514736,FALSE,TRUE,FALSE,TRUE
cloneB,2,4,19,552,140.48,0.689024574,96.79417212,0.254492754,FALSE,FALSE,B2,4348,4348,25,193,251.7965546,97.27817535,97.27817519,FALSE,TRUE,FALSE,TRUE
cloneA,1,5,1,3013,527.904,0.027246112,14.38333126,0.175208762,TRUE,FALSE,B2,1241,1241,38,160,366.4320984,317.5777283,317.5777425,FALSE,TRUE,FALSE,TRUE
cloneB,2,5,1,3013,527.904,0.027246112,14.38333126,0.175208762,TRUE,FALSE,B2,3789,3789,7,176,31.07419586,14.42707062,14.42707063,FALSE,TRUE,FALSE,TRUE
cloneA,1,5,2,1656,536.719,0.442514196,237.5057769,0.324105676,FALSE,FALSE,B2,1840,1840,39,226,200.1219635,164.5087891,164.5087904,FALSE,TRUE,FALSE,TRUE
cloneB,2,5,2,1656,536.719,0.442514196,237.5057769,0.324105676,FALSE,FALSE,B2,1444,1444,35,56,262.3966675,236.3994904,236.399496,FALSE,TRUE,FALSE,TRUE
cloneA,1,5,3,2806,877.302,0.322485443,282.9171244,0.312652174,FALSE,FALSE,B2,997,997,35,132,316.3647766,202.3176727,202.3176686,FALSE,TRUE,FALSE,TRUE
cloneB,2,5,3,2806,877.302,0.322485443,282.9171244,0.312652174,FALSE,FALSE,B2,3972,3972,56,183,396.836853,282.8839722,282.883961,FALSE,TRUE,FALSE,TRUE
cloneA,1,5,4,1334,378.575,0.181263606,68.62186969,0.283789355,TRUE,FALSE,B2,676,676,28,93,207.078186,186.7942505,186.7942516,FALSE,TRUE,FALSE,TRUE
cloneB,2,5,4,1334,378.575,0.181263606,68.62186969,0.283789355,TRUE,FALSE,B2,5690,5690,30,234,140.2507019,68.72034454,68.72034542,FALSE,TRUE,FALSE,TRUE
cloneA,1,5,5,1334,349.457,0.403652091,141.0590488,0.261961769,TRUE,FALSE,B2,1392,1392,55,174,686.3935547,326.684967,326.6849763,FALSE,TRUE,FALSE,TRUE
cloneB,2,5,5,1334,349.457,0.403652091,141.0590488,0.261961769,TRUE,FALSE,B2,4506,4506,43,198,253.0079193,140.5182343,140.5182288,FALSE,TRUE,FALSE,TRUE
cloneA,1,5,6,184,20.088,0.524780092,10.54178249,0.109173913,TRUE,FALSE,B2,384,384,34,58,314.9540405,207.5753784,207.5753776,FALSE,TRUE,FALSE,TRUE
cloneB,2,5,6,184,20.088,0.524780092,10.54178249,0.109173913,TRUE,FALSE,B2,2606,2606,3,124,19.55090332,10.53136444,10.53136447,FALSE,TRUE,FALSE,TRUE
cloneA,1,5,7,184,50.382,0.923568782,46.53124236,0.273815217,TRUE,FALSE,B2,317,317,9,48,72.72235107,46.99850464,46.9985034,FALSE,TRUE,FALSE,TRUE
cloneB,2,5,7,184,50.382,0.923568782,46.53124236,0.273815217,TRUE,FALSE,B2,2710,2710,45,128,281.2084351,46.60715103,46.60715081,FALSE,TRUE,FALSE,TRUE
cloneA,1,6,1,0,0,,0,,TRUE,FALSE,B2,2063,2063,6,250,98.56898499,96.42192078,96.4219233,FALSE,TRUE,FALSE,TRUE
cloneB,2,6,1,0,0,,0,,TRUE,FALSE,B2,2,2,1,1,0,0,0,TRUE,FALSE,TRUE,TRUE
cloneA,1,6,2,2139,462.828,0.097587177,45.16607808,0.216375877,FALSE,FALSE,B2,885,885,110,121,468.0360107,418.9890747,418.9890644,FALSE,TRUE,FALSE,TRUE
cloneB,2,6,2,2139,462.828,0.097587177,45.16607808,0.216375877,FALSE,FALSE,B2,6515,6515,5,255,59.57361221,45.03217697,45.03217772,FALSE,TRUE,FALSE,TRUE
cloneA,1,6,3,1863,400.609,0.226100501,90.57789559,0.215034353,FALSE,FALSE,B2,1241,1241,38,160,366.4320984,317.5777283,317.5777425,FALSE,TRUE,FALSE,TRUE
cloneB,2,6,3,1863,400.609,0.226100501,90.57789559,0.215034353,FALSE,FALSE,B2,5301,5301,11,224,105.8868027,90.70438385,90.70438701,FALSE,TRUE,FALSE,TRUE
cloneA,1,6,4,1564,422.605,0.204254875,86.31913141,0.270207801,FALSE,FALSE,B2,845,845,43,117,437.1079407,338.8217163,338.821708,FALSE,TRUE,FALSE,TRUE
cloneB,2,6,4,1564,422.605,0.204254875,86.31913141,0.270207801,FALSE,FALSE,B2,4704,4704,13,205,102.7731018,86.29106903,86.29107243,FALSE,TRUE,FALSE,TRUE
cloneA,1,6,5,2185,625.395,0.131006329,81.93070332,0.286221968,FALSE,FALSE,B2,885,885,110,121,468.0360107,418.9890747,418.9890644,FALSE,TRUE,FALSE,TRUE
cloneB,2,6,5,2185,625.395,0.131006329,81.93070332,0.286221968,FALSE,FALSE,B2,40,40,31,2,278.8362427,81.65911865,73.89798361,FALSE,TRUE,FALSE,TRUE
cloneA,1,6,6,1794,474.864,0.213905921,101.5762213,0.264695652,FALSE,FALSE,B2,895,895,137,121,668.2682495,300.6270142,300.627008,FALSE,TRUE,FALSE,TRUE
cloneB,2,6,6,1794,474.864,0.213905921,101.5762213,0.264695652,FALSE,FALSE,B2,1974,1974,25,87,120.5133972,101.6376266,101.6376253,FALSE,TRUE,FALSE,TRUE
cloneA,1,6,7,1564,473.92,0.277752392,131.6324135,0.303017903,FALSE,FALSE,B2,1271,1271,76,162,608.9274292,266.0681152,266.0681039,FALSE,TRUE,FALSE,TRUE
cloneB,2,6,7,1564,473.92,0.277752392,131.6324135,0.303017903,FALSE,FALSE,B2,3310,3310,47,157,279.8130798,130.9967194,130.9967132,FALSE,TRUE,FALSE,TRUE
cloneB,2,6,8,2116,695.252,0.241886431,168.172025,0.328568998,FALSE,FALSE,B2,3961,3961,30,183,199.1476288,166.6829071,166.6829066,FALSE,TRUE,FALSE,TRUE
cloneB,2,6,9,2208,617.138,0.279184804,172.2955513,0.279500906,FALSE,FALSE,B2,4712,4712,45,205,242.1464996,171.193924,171.193927,FALSE,TRUE,FALSE,TRUE
cloneB,2,6,10,1633,369.921,0.250327221,92.60129602,0.226528475,FALSE,FALSE,B2,5059,5059,40,216,217.0987701,92.51101685,92.51101518,FALSE,TRUE,FALSE,TRUE
cloneB,2,6,11,1633,442.46,0.421609502,186.5453403,0.270949173,FALSE,FALSE,B2,677,677,76,24,489.6821289,187.026825,187.0268187,FALSE,TRUE,FALSE,TRUE
cloneB,2,6,12,2346,453.835,0.329896797,149.718713,0.193450554,TRUE,FALSE,B2,5941,5941,21,240,177.6319427,149.6934204,149.6934238,FALSE,TRUE,FALSE,TRUE
cloneB,2,6,13,2093,512.367,0.173540853,88.91660635,0.244800287,FALSE,FALSE,B2,4389,4389,32,195,204.1862335,88.94195557,88.9419545,FALSE,TRUE,FALSE,TRUE
cloneB,2,6,14,2576,618.527,0.248797181,153.8877737,0.240111413,TRUE,FALSE,B2,3960,3960,76,183,486.0917664,153.1083527,153.1083589,FALSE,TRUE,FALSE,TRUE
cloneB,2,6,15,2231,596.615,0.104325181,62.24196794,0.267420439,FALSE,FALSE,B2,4757,4757,10,207,64.7772522,62.15304947,62.15305041,FALSE,TRUE,FALSE,TRUE
cloneB,2,6,16,161,45.539,0.926784439,42.20483655,0.282850932,TRUE,FALSE,B2,4537,4537,22,199,610.8850098,42.213871,42.21387016,FALSE,TRUE,FALSE,TRUE
cloneB,2,6,17,161,40.948,0.741276803,30.35380255,0.254335404,TRUE,FALSE,B2,3403,3403,14,161,80.79494476,30.34751701,30.34751627,FALSE,TRUE,FALSE,TRUE
cloneB,2,6,18,230,47.353,0.721913632,34.18477622,0.205882609,TRUE,FALSE,B2,2978,2978,3,141,35.11243057,34.19262314,34.19262218,FALSE,TRUE,FALSE,TRUE
cloneB,2,6,19,207,33.403,0.212748051,7.106423151,0.16136715,FALSE,FALSE,B2,2669,2669,2,127,7.105830193,7.105830193,7.10583034,FALSE,TRUE,FALSE,TRUE
cloneB,2,6,20,138,21.197,0.916775379,19.43288772,0.153601449,FALSE,FALSE,B2,6451,6451,6,254,54.61738968,19.42262459,19.42262378,FALSE,TRUE,FALSE,TRUE
cloneB,2,6,21,138,23.684,0.420548305,9.960266061,0.171623188,FALSE,FALSE,B2,2961,2961,3,140,9.959281921,9.957391739,9.957392057,FALSE,TRUE,FALSE,TRUE
cloneA,1,7,1,736,176.381,0.747893186,131.914148,0.239648098,TRUE,FALSE,B2,1255,1255,30,161,271.0300903,201.6960449,201.6960455,FALSE,TRUE,FALSE,TRUE
cloneB,2,7,1,736,176.381,0.747893186,131.914148,0.239648098,TRUE,FALSE,B2,4420,4420,28,199,211.8499451,132.5644684,133.9503791,FALSE,TRUE,FALSE,TRUE
cloneA,1,7,2,1909,523.867,0.520368396,272.6038305,0.274419591,FALSE,FALSE,B2,782,782,25,108,156.5482483,129.6936646,129.6936615,FALSE,TRUE,FALSE,TRUE
cloneB,2,7,2,1909,523.867,0.520368396,272.6038305,0.274419591,FALSE,FALSE,B2,2135,2135,76,97,435.0082703,276.0840454,276.0840302,FALSE,TRUE,FALSE,TRUE
cloneA,1,7,3,1587,467.551,0.11481476,53.68175605,0.294613106,FALSE,FALSE,B2,1618,1618,32,199,229.7579346,139.6580353,139.6580288,FALSE,TRUE,FALSE,TRUE
cloneB,2,7,3,1587,467.551,0.11481476,53.68175605,0.294613106,FALSE,FALSE,B2,1777,1777,15,74,248.221405,53.68166351,53.68166299,FALSE,TRUE,FALSE,TRUE
cloneA,1,7,4,3335,790.091,0.507618065,401.0644644,0.236908846,FALSE,FALSE,B2,644,644,28,88,245.3018494,222.5031891,222.5031894,FALSE,TRUE,FALSE,TRUE
cloneB,2,7,4,3335,790.091,0.507618065,401.0644644,0.236908846,FALSE,FALSE,B2,1870,1870,91,80,683.6085205,371.2522583,371.2522566,FALSE,TRUE,FALSE,TRUE
cloneA,1,7,5,3335,883.507,0.389063334,343.7401789,0.26491964,FALSE,FALSE,B2,1538,1538,74,191,353.3253479,307.7530518,307.753041,FALSE,TRUE,FALSE,TRUE
cloneB,2,7,5,3335,883.507,0.389063334,343.7401789,0.26491964,FALSE,FALSE,B2,4286,4286,57,192,506.3671875,343.1891479,343.1891396,FALSE,TRUE,FALSE,TRUE
cloneA,1,7,6,3680,1076.962,0.071797549,77.32323245,0.292652717,TRUE,FALSE,B2,1230,1230,80,158,699.3121948,428.8816528,428.881642,FALSE,TRUE,FALSE,TRUE
cloneB,2,7,6,3680,1076.962,0.071797549,77.32323245,0.292652717,TRUE,FALSE,B2,3166,3166,3,151,97.16355896,77.29869843,77.29869752,FALSE,TRUE,FALSE,TRUE
cloneA,1,7,7,3657,1018.203,0.39048552,397.5935283,0.278425759,FALSE,FALSE,B2,1818,1818,25,223,145.1620636,113.4540329,113.4540307,FALSE,TRUE,FALSE,TRUE
cloneB,2,7,7,3657,1018.203,0.39048552,397.5935283,0.278425759,FALSE,FALSE,B2,1870,1870,91,80,683.6085205,371.2522583,371.2522566,FALSE,TRUE,FALSE,TRUE
cloneA,1,8,1,2553,524.912,0.195449392,102.5937312,0.205605954,TRUE,FALSE,B2,1236,1236,47,159,335.3482666,176.2058868,176.2058921,FALSE,TRUE,FALSE,TRUE
cloneB,2,8,1,2553,524.912,0.195449392,102.5937312,0.205605954,TRUE,FALSE,B2,2310,2310,26,109,111.1399231,102.6263199,102.6263236,FALSE,TRUE,FALSE,TRUE
cloneA,1,8,2,1426,526.605,0.072172105,38.00619119,0.369288219,FALSE,FALSE,B2,765,765,24,105,139.3700562,61.35235214,61.35235262,FALSE,TRUE,FALSE,TRUE
cloneB,2,8,2,1426,526.605,0.072172105,38.00619119,0.369288219,FALSE,FALSE,B2,6339,6339,6,251,47.45392227,38.02405167,38.0240518,FALSE,TRUE,FALSE,TRUE
cloneA,1,8,3,1219,466.623,0.581951502,271.5519558,0.382791632,FALSE,FALSE,B2,1102,1102,5,144,73.33714294,72.3561554,72.35615164,FALSE,TRUE,FALSE,TRUE
cloneB,2,8,3,1219,466.623,0.581951502,271.5519558,0.382791632,FALSE,FALSE,B2,2135,2135,76,97,435.0082703,276.0840454,276.0840302,FALSE,TRUE,FALSE,TRUE
cloneA,1,8,4,2001,910.025,0.062979767,57.31316235,0.454785107,FALSE,FALSE,B2,1236,1236,47,159,335.3482666,176.2058868,176.2058921,FALSE,TRUE,FALSE,TRUE
cloneB,2,8,4,2001,910.025,0.062979767,57.31316235,0.454785107,FALSE,FALSE,B2,1899,1899,10,83,72.73157501,57.32216644,57.32216516,FALSE,TRUE,FALSE,TRUE
cloneA,1,8,5,2024,654.924,0.306320753,200.6168129,0.323579051,TRUE,FALSE,B2,1618,1618,32,199,229.7579346,139.6580353,139.6580288,FALSE,TRUE,FALSE,TRUE
cloneB,2,8,5,2024,654.924,0.306320753,200.6168129,0.323579051,TRUE,FALSE,B2,4914,4914,47,212,361.3531189,201.502655,201.5026605,FALSE,TRUE,FALSE,TRUE
cloneA,1,8,6,2231,619.677,0.248143814,153.7690141,0.277757508,TRUE,FALSE,B2,525,525,77,74,680.6998901,365.577301,365.5773103,FALSE,TRUE,FALSE,TRUE
cloneB,2,8,6,2231,619.677,0.248143814,153.7690141,0.277757508,TRUE,FALSE,B2,3960,3960,76,183,486.0917664,153.1083527,153.1083589,FALSE,TRUE,FALSE,TRUE
cloneA,1,8,7,2208,592.305,0.266763443,158.0053209,0.268254076,FALSE,FALSE,B2,1445,1445,72,179,573.78479,237.7076721,237.7076684,FALSE,TRUE,FALSE,TRUE
cloneB,2,8,7,2208,592.305,0.266763443,158.0053209,0.268254076,FALSE,FALSE,B2,1745,1745,11,72,170.5019073,158.7362976,158.7362917,FALSE,TRUE,FALSE,TRUE
cloneA,1,9,1,943,158.763,0.254834613,40.45830763,0.168359491,TRUE,FALSE,B2,843,843,42,116,446.1505127,320.3253479,320.3253535,FALSE,TRUE,FALSE,TRUE
cloneB,2,9,1,943,158.763,0.254834613,40.45830763,0.168359491,TRUE,FALSE,B2,3808,3808,13,177,68.66748047,40.50542068,40.50541919,FALSE,TRUE,FALSE,TRUE
cloneA,1,9,2,2254,567.504,0.437901225,248.510697,0.251776398,FALSE,FALSE,B2,1230,1230,80,158,699.3121948,428.8816528,428.881642,FALSE,TRUE,FALSE,TRUE
cloneB,2,9,2,2254,567.504,0.437901225,248.510697,0.251776398,FALSE,FALSE,B2,2086,2086,110,94,649.0081177,246.4599457,246.4599513,FALSE,TRUE,FALSE,TRUE
cloneA,1,9,3,1909,636.144,0.128618771,81.82005916,0.333234154,FALSE,FALSE,B2,1230,1230,80,158,699.3121948,428.8816528,428.881642,FALSE,TRUE,FALSE,TRUE
cloneB,2,9,3,1909,636.144,0.128618771,81.82005916,0.333234154,FALSE,FALSE,B2,40,40,31,2,278.8362427,81.65911865,73.89798361,FALSE,TRUE,FALSE,TRUE
cloneA,1,9,4,2806,905.361,0.294579997,266.7012405,0.322651818,TRUE,FALSE,B2,1144,1144,101,149,493.4305115,374.3514709,374.3514736,FALSE,TRUE,FALSE,TRUE
cloneB,2,9,4,2806,905.361,0.294579997,266.7012405,0.322651818,TRUE,FALSE,B2,4162,4162,47,189,399.3024597,261.8253784,261.8253823,FALSE,TRUE,FALSE,TRUE
cloneA,1,9,5,2806,728.045,0.035235754,25.65321422,0.259460086,TRUE,FALSE,B2,885,885,110,121,468.0360107,418.9890747,418.9890644,FALSE,TRUE,FALSE,TRUE
cloneB,2,9,5,2806,728.045,0.035235754,25.65321422,0.259460086,TRUE,FALSE,B2,6228,6228,3,247,26.17907715,25.64987183,25.64987248,FALSE,TRUE,FALSE,TRUE
cloneA,1,9,6,2231,612.593,0.125021543,76.58732219,0.27458225,FALSE,FALSE,B2,1744,1744,19,213,220.9429474,218.1969604,218.196954,FALSE,TRUE,FALSE,TRUE
cloneB,2,9,6,2231,612.593,0.125021543,76.58732219,0.27458225,FALSE,FALSE,B2,2575,2575,8,122,144.5131226,76.55847931,76.55847901,FALSE,TRUE,FALSE,TRUE
cloneA,1,9,7,2438,495.064,0.566752143,280.5785831,0.203061526,FALSE,FALSE,B2,525,525,77,74,680.6998901,365.577301,365.5773103,FALSE,TRUE,FALSE,TRUE
cloneB,2,9,7,2438,495.064,0.566752143,280.5785831,0.203061526,FALSE,FALSE,B2,3972,3972,56,183,396.836853,282.8839722,282.883961,FALSE,TRUE,FALSE,TRUE
cloneB,2,9,8,874,229.277,0.794473395,182.1544767,0.262330664,FALSE,FALSE,B2,5688,5688,26,234,243.9260406,183.3078308,183.3078233,FALSE,TRUE,FALSE,TRUE
cloneB,2,9,9,874,201.771,0.457576832,92.32573505,0.230859268,FALSE,FALSE,B2,1489,1489,17,58,156.2754211,92.34081268,92.34081136,FALSE,TRUE,FALSE,TRUE
cloneB,2,9,10,690,119.761,0.499827618,59.85985537,0.173566667,TRUE,FALSE,B2,2986,2986,13,148,137.2691498,59.84022141,41.69636676,FALSE,TRUE,FALSE,TRUE
cloneB,2,9,11,690,201.843,0.839752097,169.4980826,0.292526087,TRUE,FALSE,B2,4712,4712,45,205,242.1464996,171.193924,171.193927,FALSE,TRUE,FALSE,TRUE